,Name,Price,postDate,HasImage,Attributes,postID,contactInfo,distance
0,iPhone X,425,2019-11-24 19:14,True,Unknown,7026603129,False,19.09275185410241
1,Iphone X 64gb - Unlocked  Excellent condition,480,2019-11-24 18:52,True,like new,7022864385,False,16.19670783214613
2,LIFEPROOF FRE IPHONE X CASE BRAND NEW!!,60,2019-11-24 18:12,True,new,7023537820,False,12.026527656315686
3,iPhone X silver 256gb Perfect condition Still warranty Still warranty,405,2019-11-24 17:06,True,like new,7026501108,False,23.247891137309747
4,Sell me your Iphone X ! Top %^& BuyeR!,0,2019-11-24 14:47,True,like new,7026421521,False,10.658264005575704
5,Tip Top Shape batteries and ready to go,0,2019-11-24 11:30,True,Unknown,7026350117,True,13.369987021648157
6,Tip Top Shape batteries and ready to go,0,2019-11-24 11:15,True,Unknown,7026350045,True,13.369987021648157
7,Tip Top Shape batteries and ready to go,0,2019-11-24 11:11,True,Unknown,7026350055,True,13.369987021648157
8,iPhone X 64gb UNLOCKED One month old,480,2019-11-24 10:58,True,like new,7021537529,True,16.914785925425523
9,iPhone X 64gb Space Gray,450,2019-11-24 10:16,True,Unknown,7022848766,True,19.37488034516771
10,iPhone X 256,550,2019-11-24 08:36,True,Unknown,7017075704,False,4.913949050964844
11,FIRM PRICE! NEW Premium Red Case for iPhone X or XS,15,2019-11-24 05:06,True,new,7013102786,False,11.36474645482835
12,FIRM PRICE! NO Offers. NEW Case for iPhone X or XS,15,2019-11-24 05:06,True,new,7013107965,False,11.36474645482835
13,FIRM PRICE! Brand New Premium Case for iPhone X or XS,15,2019-11-24 05:03,True,new,7008178924,False,11.36474645482835
14,Firm Price! Brand New Wallet Case for iPhone X or XS,15,2019-11-24 05:03,True,new,7017206091,False,11.36474645482835
15,New BodyGuardz Apple iPhone Xs/X Tempered Glass Screen Protector,35,2019-11-23 22:38,True,new,7014181278,False,5.919368741228188
16,New BodyGuardz Apple iPhone Xs/X Tempered Glass Screen Protector,35,2019-11-23 22:38,True,new,7014189427,False,5.919368741228188
17,New BodyGuardz Apple iPhone Xs/X Tempered Glass Screen Protector,35,2019-11-23 22:38,True,new,7014190543,False,5.919368741228188
18,%-_iPHONE /Samsung BUYER!X/Xs'',0,2019-11-23 16:29,True,excellent,7025961042,False,5.919368741228188
19,%-_iPHONE /Samsung BUYER!X/Xs'',0,2019-11-23 16:08,True,new,7025961045,False,5.919368741228188
20,Slighlty cracked Glass Protector / negotiable,0,2019-11-23 14:46,True,Unknown,7010978555,False,16.093159241408223
21,Original iPhone chargers,10,2019-11-23 13:58,True,new,7025933907,False,18.544331350715467
22,iPhone X 256GB,525,2019-11-23 13:36,True,Unknown,7025869113,True,10.246047191510852
23,Slighlty cracked Glass Protector / negotiable,0,2019-11-23 13:09,True,Unknown,7010978542,False,16.093159241408223
24,Cellphone battery pack for iPhone X or Iphone XS,30,2019-11-23 13:07,True,like new,7017024626,False,18.544331350715467
25,Iphone X 64gb- Excellent Condition! Complete,480,2019-11-23 12:52,True,Unknown,7025892692,False,16.19670783214613
26,Slighlty cracked Glass Protector / negotiable,0,2019-11-23 12:37,True,Unknown,7010978540,False,16.093159241408223
27,BUYRER%% Wan;Ted Phone iPHONE -X-8 Sealed iN BoX.,0,2019-11-23 12:06,True,Unknown,7014643883,False,10.524414242987824
28,===iPHONE 10 (X)===EXCELLENT COND=== 64GB===TMOBILE===14 months old===,550,2019-11-23 11:27,True,Unknown,7022245259,True,15.93832609823096
29,Iphone X Att - Black 256 GB - Gently Used,500,2019-11-23 09:45,True,good,7025743855,False,12.026527656315686
30,Need CAsh BUy BUyer iphone x max xs xr 11 pro max,0,2019-11-23 08:59,True,excellent,7025670263,False,16.87822244149898
31,Apple - iPhone X 256GB - Silver (NEW),700,2019-11-22 22:36,True,Unknown,7014245641,False,12.12631917530565
32,"iPhone X 256GB , UnLocked",580,2019-11-22 22:31,True,excellent,7011042103,False,2.22786771072064
33,iPhone X 256 GB UNLOCKED,525,2019-11-22 20:03,True,like new,7025454464,True,8.38149755343288
34,AT&T iPhone X,300,2019-11-22 19:02,True,Unknown,7021001869,False,21.942059386855483
35,iPhone X 64gb,475,2019-11-22 17:14,True,Unknown,7025415664,False,5.585629338335542
36,iPhone X - Sprint,375,2019-11-22 13:25,True,Unknown,7025272880,False,18.544331350715467
37,Unlocked iPhone X 64GB Silver,500,2019-11-22 13:13,True,Unknown,7017903552,False,2.016486725889705
38,"X-buy Iphone 11 MAX,PLUS wants@ MACBO_OK*& XS 512GB MA@X.<:",0,2019-11-22 12:54,True,good,7025177821,False,16.87822244149898
39,BUY!!iPHONE 8 8 PLUS X 10 7 (BUY GALAXY) S9/S9+@,0,2019-11-22 12:29,True,Unknown,7022029118,False,9.333879685355683
40,New iPhone X 256 GB,600,2019-11-22 12:05,True,new,7025210512,False,12.12631917530565
41,BUY!!iPHONE 8 8 PLUS X 10 7 (BUY GALAXY) S9/S9+@,0,2019-11-22 12:02,True,Unknown,7022029098,False,9.333879685355683
42,FIRM PRICE! NO Offers. Brand New Premium Case for iPhone X or XS,15,2019-11-22 11:18,True,new,7020795575,False,11.36474645482835
43,iPhone X 64GB AT&T,400,2019-11-22 10:47,True,excellent,7025146552,False,20.91020898145237
44,X--PASS code IPHONE TOP bUyeR%# CASSH4:'.GALAXY:,0,2019-11-22 09:15,True,Unknown,7022704626,False,10.658264005575704
45,X--PASS code IPHONE TOP bUyeR%# CASSH4:'.GALAXY:,0,2019-11-22 09:07,True,Unknown,7022704595,False,10.658264005575704
46,BUY!!iPHONE 8 8 PLUS X 10 7 (BUY GALAXY) S9/S9+@,0,2019-11-22 08:54,True,Unknown,7022690833,False,10.658264005575704
47,BUY!!iPHONE 8 8 PLUS X 10 7 (BUY GALAXY) S9/S9+@,0,2019-11-22 08:45,True,Unknown,7022690948,False,10.658264005575704
48,FIRM PRICE! NO Offers. NEW Case for iPhone X or XS,15,2019-11-22 08:43,True,new,7011404455,False,11.36474645482835
49,BUY!!iPHONE 8 8 PLUS X 10 7 (BUY GALAXY) S9/S9+@,0,2019-11-22 08:33,True,Unknown,7022690904,False,10.658264005575704
50,v X--PASS code IPHONE TOP bUyeR%# CASSH4:'.GALAXY:,0,2019-11-22 07:26,True,Unknown,7021249825,False,10.658264005575704
51,v X--PASS code IPHONE TOP bUyeR%# CASSH4:'.GALAXY:,0,2019-11-22 07:26,True,Unknown,7021249757,False,10.658264005575704
52,iPhone **X 64GB (Mint **!!~**Condition ) original*==>>200 accessories,0,2019-11-22 06:48,True,Unknown,7024896818,False,6.984096224975709
53,GREAT**!!~** Condition'/ iPhone X 64gb **!!~**'/ Phone works 100,220,2019-11-22 06:15,True,Unknown,7024897242,False,6.984096224975709
54,iPhone X Silver 256GB Unlocked all original parts and fully functional,407,2019-11-22 06:03,True,like new,7024896997,True,23.247891137309747
55,iPhone X 256 GB T-Mobile,650,2019-11-21 19:36,True,excellent,7024806415,False,18.812958613470965
56,Iphone X 256 Verizon unlocked,525,2019-11-21 18:12,False,excellent,7024776401,False,13.058698165001628
57,IPhone X Case Game Console Play Gameboy Tetris,10,2019-11-21 17:20,True,new,7019410343,False,13.058698165001628
58,CALL NOW~!@ BUY IPHONE 7plus 8plus X XS max !~,0,2019-11-21 14:43,True,Unknown,7023223708,False,9.333879685355683
59,CALL NOW~!@ BUY IPHONE 7plus 8plus X XS max !~,0,2019-11-21 14:43,True,Unknown,7023223812,False,9.333879685355683
60,CALL NOW~!@ BUY IPHONE 7plus 8plus X XS max !~,0,2019-11-21 14:10,True,Unknown,7021851571,False,9.333879685355683
61,Ready !!SELL?? iPhone X/8+ %%,0,2019-11-21 14:07,True,like new,7022970434,False,10.246047191510852
62,CALL NOW~!@ BUY IPHONE 7plus 8plus X XS max !~,0,2019-11-21 13:41,True,Unknown,7021851485,False,9.333879685355683
63,BUYRER%% Wan;Ted Phone iPHONE -X-8 Sealed iN BoX.,0,2019-11-21 13:31,True,Unknown,7014643839,False,10.524414242987824
64,BUYRER%% Wan;Ted Phone iPHONE -X-8 Sealed iN BoX.,0,2019-11-21 13:31,True,Unknown,7014643856,False,10.524414242987824
65,CALL NOW~!@ BUY IPHONE 7plus 8plus X XS max !~,0,2019-11-21 12:57,True,Unknown,7021851539,False,9.333879685355683
66,FIRM PRICE! NO Offers. Brand New Premium Case for iPhone X or XS,15,2019-11-21 11:28,True,new,7020184038,False,11.36474645482835
67,FIRM PRICE! NO Offers. NEW Case for iPhone X or XS,15,2019-11-21 10:53,True,new,7015648095,False,11.36474645482835
68,FIRM PRICE! NO Offers. NEW Case for iPhone X or XS,15,2019-11-21 10:49,True,new,7010981108,False,11.36474645482835
69,"*~*~* FAST & RELIABLE REPAIR*~*~* IPHONE 5 6 7 8 X, SAMSUNG, NOTE,IPAD",0,2019-11-21 09:57,True,like new,7019411519,False,13.369987021648157
70,"*~*~* FAST & RELIABLE REPAIR*~*~* IPHONE 5 6 7 8 X, SAMSUNG, NOTE,IPAD",0,2019-11-21 09:26,True,like new,7019410634,False,13.369987021648157
71,Unlocked iPhone X Silver 256gb Clean for Verizon Super HD camera,420,2019-11-21 07:31,True,good,7024280958,True,23.247891137309747
72,JUST%% WE ARE Tbuy MACKBOOK Iphone BuyeR 8+/ X--neded ['YYg,0,2019-11-20 14:59,True,Unknown,7022591264,False,10.658264005575704
73,JUST%% WE ARE Tbuy MACKBOOK Iphone BuyeR 8+/ X--neded ['YYg,0,2019-11-20 14:59,True,Unknown,7022591341,False,10.658264005575704
74,BUY!!iPHONE 8 8 PLUS X 10 7 (BUY GALAXY) S9/S9+@,0,2019-11-20 14:06,True,Unknown,7021834325,False,9.333879685355683
75,FIRM PRICE! Brand New Slim Soft Silicone Case for iPhone X or XS,20,2019-11-20 12:02,True,new,7010362949,False,11.36474645482835
76,NIB Luvvitt Clear iPhone X/XS Case,5,2019-11-20 10:53,True,new,7019510659,True,22.056847557337555
77,iPhone X 256GB Space Gray - unlocked,550,2019-11-20 07:30,True,excellent,7016287681,False,2.22786771072064
78,Like New iPhone X 256GB AppleCare+ (Unlocked),650,2019-11-19 20:05,True,like new,7003945173,False,5.9205764241137
79,Iphone x webuy cash offer,600,2019-11-19 17:51,False,Unknown,7004349382,True,12.714669937550394
80,Apple iPhone X 256 gb Unlocked black,575,2019-11-19 14:58,False,like new,7023370309,True,6.1423166155169335
81,In perfect condition////Unlocked silver 256gb iPhone X%%%%Single owner,400,2019-11-19 14:40,True,excellent,7023296526,True,12.12631917530565
82,iPhone X 256,950,2019-11-19 12:17,False,new,7023266079,True,15.14235475781188
83,Firm Price! Brand New Case for iPhone X or XS,10,2019-11-19 11:03,True,new,7014301319,False,11.36474645482835
84,iPhone X 256gb,700,2019-11-19 10:21,True,new,7023170691,False,16.71418471316016
85,IPhone X 256 Gb,200,2019-11-18 20:10,True,Unknown,7022864642,False,21.58145216364907
86,iPhone X,600,2019-11-18 18:31,False,Unknown,7022829110,False,5.8292565744727645
87,FIRM PRICE! Brand New Premium Case for iPhone X or XS,15,2019-11-18 12:06,True,new,7009025027,False,11.36474645482835
88,iPhone X / XR / XS MAX SCREEN REPAIR,0,2019-11-18 11:41,True,Unknown,7022569121,True,12.906395046452085
89,@@ For sale is an iphone x 64gb in excellent condition. @ -@@@,220,2019-11-18 10:15,True,Unknown,7022411087,False,20.777976551648994
90,Brand New White/Silver iPhone X,500,2019-11-17 19:05,False,Unknown,7022157198,False,9.588559419973983
91,OtterBox case I phone X or XS,15,2019-11-17 15:21,True,new,7022058920,False,101.63233638387918
92,‚ñá ‚ñáCA$H PAID 4 IPHONE IPAD MACBOOK GALAXY ‚ñá ‚ñá CASH NOW ‚ñá ‚ñá $ ‚ñá ‚ñá,900,2019-11-24 19:28,True,Unknown,7026608810,False,1245.247032431583
93,‚ñá ‚ñáCA$H PAID 4 IPHONE IPAD MACBOOK GALAXY ‚ñá ‚ñá CASH NOW ‚ñá ‚ñá $ ‚ñá ‚ñá,900,2019-11-24 17:41,True,Unknown,7026569983,False,1245.247032431583
94,Looking to buy iPhone or Galaxy,12345,2019-11-24 17:21,True,Unknown,7020852573,True,6.1423166155169335
95,‚ñá ‚ñáCA$H PAID 4 IPHONE IPAD MACBOOK GALAXY ‚ñá ‚ñá CASH NOW ‚ñá ‚ñá $ ‚ñá ‚ñá,900,2019-11-24 17:10,True,Unknown,7026556882,False,1245.247032431583
96,‚ñá ‚ñáCA$H PAID 4 IPHONE IPAD MACBOOK GALAXY ‚ñá ‚ñá CASH NOW ‚ñá ‚ñá $ ‚ñá ‚ñá,900,2019-11-24 16:02,True,Unknown,7026526101,False,1245.247032431583
97,‚ñá ‚ñáCA$H PAID 4 IPHONE IPAD MACBOOK GALAXY ‚ñá ‚ñá CASH NOW ‚ñá ‚ñá $ ‚ñá ‚ñá,900,2019-11-24 15:23,True,Unknown,7026506652,False,1245.247032431583
98,‚ñá ‚ñáCA$H PAID 4 IPHONE IPAD MACBOOK GALAXY ‚ñá ‚ñá CASH NOW ‚ñá ‚ñá $ ‚ñá ‚ñá,900,2019-11-24 13:57,True,Unknown,7026459290,False,1245.247032431583
99,‚ñá ‚ñáCA$H PAID 4 IPHONE IPAD MACBOOK GALAXY ‚ñá ‚ñá CASH NOW ‚ñá ‚ñá $ ‚ñá ‚ñá,900,2019-11-24 13:39,True,Unknown,7026448601,False,1245.247032431583
100,iphone repair - I come to you,1,2019-11-24 12:09,True,Unknown,7023106211,True,14.849251339555515
101,iPhone repair - I come to you,1,2019-11-24 11:38,True,Unknown,7023289893,True,13.83079369764032
102,iPhone repair - I come to you,1,2019-11-24 11:38,True,Unknown,7023530411,True,13.83079369764032
103,iphone repair - I come to you,1,2019-11-24 11:38,True,Unknown,7023665657,True,14.849251339555515
104,">Iphone plus, pro,max 2/3/4/Mini/Ipad Air Repair(",0,2019-11-24 07:23,True,Unknown,7026176321,False,12.374731283630094
105,">Iphone plus, pro,max 2/3/4/Mini/Ipad Air Repair(",0,2019-11-24 07:24,True,Unknown,7026176345,False,12.374731283630094
106,">Iphone plus, pro,max 2/3/4/Mini/Ipad Air Repair(",0,2019-11-24 07:05,True,Unknown,7026176312,False,12.374731283630094
107,Sell Iphone Call Us nOw - Buy Iphone,0,2019-11-23 19:57,True,excellent,7026083105,True,14.759649055591936
108,‚ñá ‚ñáCA$H PAID 4 IPHONE IPAD MACBOOK GALAXY ‚ñá ‚ñá CASH NOW ‚ñá ‚ñá $ ‚ñá ‚ñá,900,2019-11-23 17:03,True,Unknown,7026034235,False,1245.247032431583
109,‚ñá ‚ñáCA$H PAID 4 IPHONE IPAD MACBOOK GALAXY ‚ñá ‚ñá CASH NOW ‚ñá ‚ñá $ ‚ñá ‚ñá,900,2019-11-23 16:36,True,Unknown,7026022840,False,1245.247032431583
110,‚ñá ‚ñáCA$H PAID 4 IPHONE IPAD MACBOOK GALAXY ‚ñá ‚ñá CASH NOW ‚ñá ‚ñá $ ‚ñá ‚ñá,900,2019-11-23 14:37,True,Unknown,7025963750,False,1245.247032431583
111,********LIKE NEW MOPHIE JUICE PACK HELIUM IPHONE 5/5S********,75,2019-11-23 09:31,True,like new,7025731716,False,14.849251339555515
112,maCboook WAAAAntEED iPHONE 7PLUS,0,2019-11-23 09:07,True,like new,7025646310,True,12.687232062916744
113,"Samsung Gear S2 smart watch, galaxy iPhone compatible, men/women",80,2019-11-23 08:00,True,like new,7008462586,False,20.777976551648994
114,iPhone iCloud Lock Bypass,49,2019-11-22 17:08,True,Unknown,7025350939,False,12.12631917530565
115,Apple iPhone 1 - 8GB Black & Silver 2G AT&T GSM/EDGE,95,2019-11-22 15:52,True,excellent,7025371983,False,14.37831245773691
116,">Iphone plus, pro,max 2/3/4/Mini/Ipad Air Repair(",0,2019-11-22 14:01,True,Unknown,7020057254,False,11.344987515936785
117,WE REPAIR*SAMSUNG/iPHONE/LG*Cracked Screen Front & Back*On The Spot!!,0,2019-11-22 13:45,True,Unknown,7023714102,False,13.369987021648157
118,"Apple iPhone XR 64GB, excellent condition, like new",450,2019-11-22 13:18,True,like new,7025267542,True,24.74078410915116
119,">Iphone plus, pro,max 2/3/4/Mini/Ipad Air Repair(",0,2019-11-22 12:37,True,Unknown,7020057221,False,11.344987515936785
120,‚ñá ‚ñáCA$H PAID 4 IPHONE IPAD MACBOOK GALAXY ‚ñá ‚ñá CASH NOW ‚ñá ‚ñá $ ‚ñá ‚ñá,9999,2019-11-22 11:16,True,Unknown,7025174343,False,7.893485586560033
121,Fastest turn-around & I PH ONE RE-PAIR & Easy Decision!!!,0,2019-11-21 10:18,True,Unknown,7022712057,True,12.687232062916744
122,Fastest turn-around & I PH ONE RE-PAIR & Easy Decision!!!,0,2019-11-21 09:40,True,Unknown,7022712074,True,12.687232062916744
123,Iphone - Iphone Buy - Iphone Sell - Iphone Top Buyer - Sell Iphone,12345,2019-11-21 08:56,True,Unknown,7024403798,True,14.573822163862479
124,Cell Phone iPhone Galaxy iPad Repair Service in San Diego near you,1,2019-11-21 08:39,True,new,7024389345,True,6.120917797571515
125,‚ñá‚ñá‚ñá WE iPHONE & SAMSUNG ALL CARRIER NEW /USED @ 619-384-0928,999,2019-11-19 22:10,True,Unknown,7023552157,True,9.333879685355683
126,‚ñá‚ñá‚ñá WE iPHONE & SAMSUNG ALL CARRIER NEW /USED @ 619-384-0928,0,2019-11-19 21:48,True,Unknown,7023548204,True,9.333879685355683
127,‚ñá‚ñá‚ñá WE iPHONE & SAMSUNG ALL CARRIER NEW /USED @ 619-384-0928,0,2019-11-19 21:44,True,Unknown,7023547436,True,12.687232062916744
128,Iphone 6 / 16GB / Rose-Gold / Verizon,100,2019-11-19 13:56,True,excellent,7023339752,False,16.447144710047695
129,iHome Speakers for iPhone iPod Bongiovi DPS Chargin Dock Power Adapter,35,2019-11-19 12:18,True,excellent,7008259653,True,7.061859825900856
130,iphone 10 256GB,650,2019-11-18 12:00,True,like new,7022580295,False,19.5404363556601
131,We Bare Bears Phone Case for iPhone (NEW),15,2019-11-18 09:21,True,new,7022442659,False,6.984096224975709
132,"Swyop Battery Case for iPhone 6s, 6000mAh Portable Charging Case for i",25,2019-11-17 22:32,True,new,7022206742,False,19.820427149416307
133,"Swyop Battery Case for iPhone 6s, 6000mAh Portable Charging Case for i",25,2019-11-17 22:32,True,new,7022206960,False,19.820427149416307
134,"Swyop Battery Case for iPhone 6s, 6000mAh Portable Charging Case for i",25,2019-11-17 22:30,True,new,7022206898,False,19.820427149416307
135,‚ñá ‚ñáCA$H PAID 4 IPHONE IPAD MACBOOK GALAXY ‚ñá ‚ñá CASH NOW ‚ñá ‚ñá $ ‚ñá ‚ñá,900,2019-11-17 19:08,True,Unknown,7022159374,False,1245.247032431583
136,‚ñá ‚ñáCA$H PAID 4 IPHONE IPAD MACBOOK GALAXY ‚ñá ‚ñá CASH NOW ‚ñá ‚ñá $ ‚ñá ‚ñá,900,2019-11-17 18:18,True,Unknown,7022140759,False,1245.247032431583
137,‚ñá ‚ñáCA$H PAID 4 IPHONE IPAD MACBOOK GALAXY ‚ñá ‚ñá CASH NOW ‚ñá ‚ñá $ ‚ñá ‚ñá,900,2019-11-17 17:26,True,Unknown,7022119424,False,1245.247032431583
138,‚ñá ‚ñáCA$H PAID 4 IPHONE IPAD MACBOOK GALAXY ‚ñá ‚ñá CASH NOW ‚ñá ‚ñá $ ‚ñá ‚ñá,900,2019-11-17 15:14,True,Unknown,7022057306,False,1245.247032431583
139,‚ñá ‚ñáCA$H PAID 4 IPHONE IPAD MACBOOK GALAXY ‚ñá ‚ñá CASH NOW ‚ñá ‚ñá $ ‚ñá ‚ñá,900,2019-11-17 14:32,True,Unknown,7022034781,False,1245.247032431583
140,‚ñá ‚ñáCA$H PAID 4 IPHONE IPAD MACBOOK GALAXY ‚ñá ‚ñá CASH NOW ‚ñá ‚ñá $ ‚ñá ‚ñá,900,2019-11-17 13:12,True,Unknown,7021987278,False,1245.247032431583
141,‚ñá ‚ñáCA$H PAID 4 IPHONE IPAD MACBOOK GALAXY ‚ñá ‚ñá CASH NOW ‚ñá ‚ñá $ ‚ñá ‚ñá,900,2019-11-17 11:52,True,Unknown,7021934247,False,1245.247032431583
142,‚ñá ‚ñáCA$H PAID 4 IPHONE IPAD MACBOOK GALAXY ‚ñá ‚ñá CASH NOW ‚ñá ‚ñá $ ‚ñá ‚ñá,900,2019-11-17 11:07,True,Unknown,7021903166,False,1245.247032431583
143,‚ñá ‚ñáCA$H PAID 4 IPHONE IPAD MACBOOK GALAXY ‚ñá ‚ñá CASH NOW ‚ñá ‚ñá $ ‚ñá ‚ñá,900,2019-11-17 10:15,True,Unknown,7021868312,False,1245.247032431583
144,‚ñá ‚ñáCA$H PAID 4 IPHONE IPAD MACBOOK GALAXY ‚ñá ‚ñá CASH NOW ‚ñá ‚ñá $ ‚ñá ‚ñá,900,2019-11-16 18:34,True,Unknown,7021608531,False,1245.247032431583
145,‚ñá ‚ñáCA$H PAID 4 IPHONE IPAD MACBOOK GALAXY ‚ñá ‚ñá CASH NOW ‚ñá ‚ñá $ ‚ñá ‚ñá,900,2019-11-16 17:33,True,Unknown,7021587002,False,1245.247032431583
146,‚ñá ‚ñáCA$H PAID 4 IPHONE IPAD MACBOOK GALAXY ‚ñá ‚ñá CASH NOW ‚ñá ‚ñá $ ‚ñá ‚ñá,900,2019-11-16 15:01,True,Unknown,7021516527,False,1245.247032431583
147,‚ñá ‚ñáCA$H PAID 4 IPHONE IPAD MACBOOK GALAXY ‚ñá ‚ñá CASH NOW ‚ñá ‚ñá $ ‚ñá ‚ñá,900,2019-11-16 14:10,True,Unknown,7021486581,False,1245.247032431583
148,‚ñá ‚ñáCA$H PAID 4 IPHONE IPAD MACBOOK GALAXY ‚ñá ‚ñá CASH NOW ‚ñá ‚ñá $ ‚ñá ‚ñá,999,2019-11-16 12:02,True,Unknown,7021396436,False,7.893485586560033
149,‚ñá ‚ñáCA$H PAID 4 IPHONE IPAD MACBOOK GALAXY ‚ñá ‚ñá CASH NOW ‚ñá ‚ñá $ ‚ñá ‚ñá,900,2019-11-16 11:45,True,Unknown,7021382963,False,1245.247032431583
150,‚ñá ‚ñáCA$H PAID 4 IPHONE IPAD MACBOOK GALAXY ‚ñá ‚ñá CASH NOW ‚ñá ‚ñá $ ‚ñá ‚ñá,900,2019-11-16 11:00,True,Unknown,7021346592,False,1245.247032431583
151,‚ñá ‚ñáCA$H PAID 4 IPHONE IPAD MACBOOK GALAXY ‚ñá ‚ñá CASH NOW ‚ñá ‚ñá $ ‚ñá ‚ñá,999,2019-11-15 15:12,True,Unknown,7020878063,False,7.893485586560033
152,‚ñá ‚ñáCA$H PAID 4 IPHONE IPAD MACBOOK GALAXY ‚ñá ‚ñá CASH NOW ‚ñá ‚ñá $ ‚ñá ‚ñá,9999,2019-11-15 13:06,True,Unknown,7020789936,False,7.893485586560033
153,iPhone X XS XS MAX Repair,1,2019-10-28 12:14,True,new,7008892302,False,8.38149755343288
154,iPhone X XR Repair,1,2019-10-28 12:08,True,new,7008887228,False,8.38149755343288
155,iOS 13 iPhone Unlock SIM for any iPhone Carrier (Financed/Contract OK),35,2019-11-14 18:07,True,Unknown,7020311696,False,2272.9448774930606
156,üíóCheapest in Town iPhone & Samsung Screen Repair & Used Phones Sellüíó,25,2019-11-14 08:31,True,like new,7019914154,False,6.119242284165598
157,üíóCheapest in Town iPhone & Samsung Screen Repair & Used Phones Sellüíó,25,2019-11-13 08:26,True,like new,7019256925,False,6.119242284165598
158,üíóCheapest in Town iPhone & Samsung Screen Repair & Used Phones Sellüíó,25,2019-11-12 08:30,True,like new,7018597157,False,6.119242284165598
159,üíóCheapest in Town iPhone & Samsung Screen Repair & Used Phones Sellüíó,25,2019-11-11 08:25,True,like new,7017906591,False,6.119242284165598
160,‚ñá ‚ñáCA$H PAID 4 IPHONE IPAD MACBOOK GALAXY ‚ñá ‚ñá CASH NOW ‚ñá ‚ñá $ ‚ñá ‚ñá,900,2019-11-10 18:15,True,Unknown,7017655191,False,1245.247032431583
161,‚ñá ‚ñáCA$H PAID 4 IPHONE IPAD MACBOOK GALAXY ‚ñá ‚ñá CASH NOW ‚ñá ‚ñá $ ‚ñá ‚ñá,900,2019-11-10 17:42,True,Unknown,7017640938,False,1245.247032431583
162,‚ñá ‚ñáCA$H PAID 4 IPHONE IPAD MACBOOK GALAXY ‚ñá ‚ñá CASH NOW ‚ñá ‚ñá $ ‚ñá ‚ñá,900,2019-11-10 16:08,True,Unknown,7017599202,False,1245.247032431583
163,General Aviation Headsets and 4 Place Intercom,550,2019-11-24 19:25,True,Unknown,7007572304,True,18.58801538381235
164,Lifespan Standing Desk TR-1200 DT-5,900,2019-11-24 19:20,False,excellent,7025267917,True,63.10254035357087
165,‚ñá ‚ñáCA$H PAID 4 IPHONE IPAD MACBOOK GALAXY ‚ñá ‚ñá CASH NOW ‚ñá ‚ñá $ ‚ñá ‚ñá,900,2019-11-09 17:56,True,Unknown,7017115441,False,1245.247032431583
166,Samsung Galaxy SM-R810 42mm Bluetooth WiFi GPS Smartwatch - Rose Gold,260,2019-11-24 15:51,True,new,7007719308,False,13.168556535602395
167,‚ñá ‚ñáCA$H PAID 4 IPHONE IPAD MACBOOK GALAXY ‚ñá ‚ñá CASH NOW ‚ñá ‚ñá $ ‚ñá ‚ñá,900,2019-11-09 17:29,True,Unknown,7017105767,False,1245.247032431583
168,‚ñá ‚ñáCA$H PAID 4 IPHONE IPAD MACBOOK GALAXY ‚ñá ‚ñá CASH NOW ‚ñá ‚ñá $ ‚ñá ‚ñá,900,2019-11-09 16:11,True,Unknown,7017072096,False,1245.247032431583
169,‚ñá ‚ñáCA$H PAID 4 IPHONE IPAD MACBOOK GALAXY ‚ñá ‚ñá CASH NOW ‚ñá ‚ñá $ ‚ñá ‚ñá,900,2019-11-09 15:23,True,Unknown,7017049062,False,1245.247032431583
170,VRG Headset Virtual Reality Glasses for 3D and 360¬∞ Videos Movie Game,8,2019-11-24 11:18,True,Unknown,7026358139,False,13.058698165001628
171,"Compact STEREO SYSTEM, Receiver with CD & Speakers",100,2019-11-24 07:05,True,excellent,7015183594,False,21.918932163338756
172,LAX Gadgets Universal Phone Ring Holder Stand 360‚Ä¢ NEW OBO,4,2019-11-23 20:35,True,new,7026083392,False,6.1423166155169335
173,Brian Bulkley Fish Surfboard,225,2019-11-23 14:45,True,Unknown,7025965936,True,10.246047191510852
174,Portable Power Bank 20000mAh 45W USB TYPE-C PD QC3.0 Quick Charge Fast,29,2019-11-23 10:48,True,new,7025747769,False,14.802310086289184
175,"Mid 2016 MacBook Pro 13‚Äù TouchBar,  512GB SSD, Apple Care until 6/2020, Final ",1100,2019-11-22 23:36,True,Unknown,7017167176,False,44.72772233058197
176,"Mid 2015 MacBook Pro 15‚Äù, 512 SSD, AMD Radeon R9 M370X Graphics Card, Final Cu",1100,2019-11-22 23:36,True,Unknown,7017168883,False,44.72772233058197
177,‚ñá ‚ñáCA$H PAID 4 IPHONE IPAD MACBOOK GALAXY ‚ñá ‚ñá CASH NOW ‚ñá ‚ñá $ ‚ñá ‚ñá,999,2019-11-08 13:50,True,Unknown,7016351182,False,7.893485586560033
178,‚ñá ‚ñáCA$H PAID 4 IPHONE IPAD MACBOOK GALAXY ‚ñá ‚ñá CASH NOW ‚ñá ‚ñá $ ‚ñá ‚ñá,999,2019-11-08 13:41,True,Unknown,7016344306,False,7.893485586560033
179,"Motorcycle, Metal, Folk Art, Man Cave, chopper, hipster, rat rod",20,2019-11-22 17:44,True,Unknown,7025430314,False,16.928602715918775
180,"Cowhide Tote - the ""Real Thing""",23,2019-11-22 17:09,True,excellent,7025413585,False,12.714669937550394
181,‚òÖ‚òÖ‚òÖBig Multifamily GARAGE SALE‚òÖ‚òÖ‚òÖ,0,2019-11-22 16:49,False,Unknown,7025397305,False,14.849251339555515
182,Apple iPhone Back Glass Only Repair,1,2019-11-08 09:50,True,like new,7016150847,True,6.0501283774880745
183,Apple iPhone Back Glass Only Repair,1,2019-11-08 09:51,True,like new,7016152203,True,6.0501283774880745
184,CHILLI surfboard 5.11,220,2019-11-22 14:48,True,Unknown,7006886606,True,9.588559419973983
185,Thule Crossover 32L Backpack,99,2019-11-22 14:19,True,new,7021535558,False,13.918907946330398
186,Soundstream VRN-65HB Navigation receiver,149,2019-11-22 13:47,True,Unknown,7006389649,True,23.247891137309747
187,Soundstream VRN-65HB Navigation receiver,149,2019-11-22 13:47,True,Unknown,7018275005,True,23.247891137309747
188,Soundstream VRN-65HB Navigation receiver,149,2019-11-22 13:47,True,Unknown,7018275594,True,23.247891137309747
189,Soundstream VRN-65HB Navigation receiver,149,2019-11-22 13:45,True,Unknown,7006213862,True,23.247891137309747
190,Soundstream VRN-65HB Navigation receiver,149,2019-11-22 13:45,True,Unknown,7006369446,True,23.247891137309747
191,Soundstream VRN-65HB Navigation receiver,149,2019-11-22 13:45,True,Unknown,7006389127,True,23.247891137309747
192,Soundstream VRN-65HB Navigation receiver,149,2019-11-22 13:45,True,Unknown,7007537904,True,23.247891137309747
193,Soundstream VRN-65HB Navigation receiver,149,2019-11-22 13:46,True,Unknown,7018275883,True,23.247891137309747
194,Soundstream VRN-65HB Navigation receiver,149,2019-11-22 13:46,True,Unknown,7018290815,True,23.247891137309747
195,Soundstream VRN-65HB Navigation receiver,149,2019-11-22 13:46,True,Unknown,7020652716,True,23.247891137309747
196,Soundstream VRN-65HB Navigation receiver,149,2019-11-22 13:45,True,Unknown,7023818226,True,23.247891137309747
197,Soundstream VRN-65HB Navigation receiver,149,2019-11-22 12:00,True,Unknown,7006368657,True,23.247891137309747
198,Soundstream VRN-65HB Navigation receiver,149,2019-11-22 12:00,True,Unknown,7006420403,True,23.247891137309747
199,Soundstream VRN-65HB Navigation receiver,149,2019-11-22 12:00,True,Unknown,7010201371,True,23.247891137309747
200,Soundstream VRN-65HB Navigation receiver,149,2019-11-22 12:00,True,Unknown,7010202422,True,23.247891137309747
201,Soundstream VRN-65HB Navigation receiver,149,2019-11-22 12:00,True,Unknown,7010202784,True,23.247891137309747
202,Soundstream VRN-65HB Navigation receiver,149,2019-11-22 12:00,True,Unknown,7013601106,True,23.247891137309747
203,Soundstream VRN-65HB Navigation receiver,149,2019-11-22 12:00,True,Unknown,7019420415,True,23.247891137309747
204,Soundstream VRN-65HB Navigation receiver,149,2019-11-22 12:00,True,Unknown,7023815576,True,23.247891137309747
205,"Surfboards - Xanadu, Borst, Al Merrick, Lost, Mayhem, Firewire, Slater",1,2019-11-22 11:50,True,Unknown,7007674917,True,15.93832609823096
206,Camp Chef Woodwind SG 24 Pellet Grill Smoker w/ Searbox Traeger,600,2019-11-22 10:14,True,new,7023167787,True,70.47462016661368
207,Soundstream VRN-65HB Navigation receiver,149,2019-11-22 09:52,True,Unknown,7006258556,True,23.247891137309747
208,Soundstream VRN-65HB Navigation receiver,149,2019-11-22 09:52,True,Unknown,7006389914,True,23.247891137309747
209,Soundstream VRN-65HB Navigation receiver,149,2019-11-22 09:52,True,Unknown,7009492298,True,23.247891137309747
210,Soundstream VRN-65HB Navigation receiver,149,2019-11-22 09:52,True,Unknown,7009616079,True,23.247891137309747
211,Soundstream VRN-65HB Navigation receiver,149,2019-11-22 09:52,True,Unknown,7009826765,True,23.247891137309747
212,Soundstream VRN-65HB Navigation receiver,149,2019-11-22 09:52,True,Unknown,7023386594,True,23.247891137309747
213,Soundstream VRN-65HB Navigation receiver,149,2019-11-22 09:51,True,Unknown,7006196751,True,23.247891137309747
214,Soundstream VRN-65HB Navigation receiver,149,2019-11-22 09:51,True,Unknown,7006368299,True,23.247891137309747
215,Soundstream VRN-65HB Navigation receiver,149,2019-11-22 09:51,True,Unknown,7006369285,True,23.247891137309747
216,Soundstream VRN-65HB Navigation receiver,149,2019-11-22 09:51,True,Unknown,7006952956,True,23.247891137309747
217,Soundstream VRN-65HB Navigation receiver,149,2019-11-22 09:51,True,Unknown,7016182827,True,23.247891137309747
218,Soundstream VRN-65HB Navigation receiver,149,2019-11-22 09:51,True,Unknown,7019431028,True,23.247891137309747
219,Soundstream VRN-65HB Navigation receiver,149,2019-11-22 09:51,True,Unknown,7023385511,True,23.247891137309747
220,Firm Price! Brand New in a Box Dashboard & Windshield Car Phone Mount,15,2019-11-22 08:46,True,new,7011497482,True,11.36474645482835
221,"5'10"" JS Surfboard (not Lost, Channel Islands, Al Merrick, Rusty",265,2019-11-22 08:15,True,excellent,7023677040,True,14.849251339555515
222,*Brand New* Bluedio H-Turbine Wireless Bluetooth 4.1 Headphones,30,2019-11-22 06:57,True,new,7014588859,True,2.22786771072064
223,5-9 Watermark Hollywood - Great Condition,200,2019-11-22 06:15,True,Unknown,7015990911,True,23.402268184032845
224,‚òÖ‚òÖ‚òÖBig Multifamily GARAGE SALE‚òÖ‚òÖ‚òÖ,0,2019-11-21 23:48,False,Unknown,7024855569,False,15.56090024125422
225,LARGE GARAGE SALE Tomorrow 7-1pm! EXCELLENT QUALITY ITEMS,0,2019-11-21 23:02,False,Unknown,7024847676,False,4.961483122364371
226,CASH for your LOCKED GALAXY S8 S9 S10 Note 8 or 9,350,2019-11-21 21:25,True,Unknown,7018430476,False,12.374731283630094
227,CASH for your LOCKED GALAXY S8 S9 S10 Note 8 or 9,350,2019-11-21 21:25,True,Unknown,7022233621,False,12.374731283630094
228,Atosa USA ATFS-50 Heavy Duty 50 LB Stainless Steel Deep Fryer,996,2019-11-07 18:16,True,new,7015824423,True,0.0
229,CHANNEL ISLANDS AL MERRICK OG FLYER SURFBOARD 5'10'',340,2019-11-21 15:50,True,excellent,7019642652,True,4.627745735134717
230,FIRM PRICE! NEW Waterproof Laptop Backpack,30,2019-11-21 11:28,True,new,7020195734,False,11.36474645482835
231,"Motorcycle, Metal, Folk Art, Man Cave, chopper, hipster, rat rod",20,2019-11-21 11:23,True,Unknown,7024517233,False,16.928602715918775
232,Soundstream VRN-65HB Navigation receiver,149,2019-11-21 11:11,True,Unknown,7024514000,True,23.247891137309747
233,Mophie Charge Stream Pad+,20,2019-11-21 11:06,True,excellent,7024509875,False,18.63607130988055
234,Firm Price! Brand New in a Box Tripod with Bluetooth Remote,30,2019-11-21 10:59,True,new,7015892810,True,11.36474645482835
235,Soundstream VRN-65HB Navigation receiver,149,2019-11-21 10:59,True,Unknown,7024504103,True,23.247891137309747
236,Instant cash for junk cars + free towing!                                       ,1,2019-11-21 10:16,True,Unknown,7024472132,True,0.0
237,"BONSAI SUPPLIES, TOOLS, POTS, AND PLANTS/ TREES",0,2019-11-21 08:09,True,Unknown,7024361846,True,12.841688852617906
238,"Kenneth Cole Reaction -New -Back-Stage Access -16"" Leather Backpack",85,2019-11-20 21:30,True,new,7017599097,False,14.300821849872724
239,Samsung Galaxy S8/S8 Plus/ S9/ S9 Plus / Note 8/ Note 9 Repair,0,2019-11-20 17:55,True,Unknown,7024124372,True,12.714669937550394
240,Samsung Galaxy S8/S8 Plus/ S9/ S9 Plus / Note 8/ Note 9 Repair,0,2019-11-20 17:55,True,Unknown,7024124372,True,12.714669937550394
241,"Incase Range Backpack,  Brand New with Tags (NWT), Ultramarine",100,2019-11-20 13:30,True,new,7023971137,False,8.837883911520976
242,"NEW! 6'1 Hack ""Scrapper"" 5-Fin Squash Tail",500,2019-11-20 12:30,True,new,7023926608,False,23.542766263304078
243,"Sony Xperia Z Android Tablet 10.1""",250,2019-11-20 12:13,True,new,7014066736,True,16.71418471316016
244,2-pack Rapid Rechargeable 10000mAh Battery,18,2019-11-20 09:53,True,new,7023779610,False,11.365064190933605
245,Gordon and Smith 6‚Äô6‚Äù surfboard Pro series vintage 1980s thruster,65,2019-11-20 09:12,True,fair,7021492364,True,5.153819294030374
246,Soundstream VRN-65HB Navigation receiver,149,2019-11-19 15:04,True,Unknown,7005460564,True,23.247891137309747
247,Firm Price! Brand New Backpack with Charging Port & Security Lock,40,2019-11-19 14:08,True,new,7023330002,False,11.36474645482835
248,Apple Lightning Digital AV Adapter HDMI,29,2019-11-19 13:26,True,good,7023318261,False,12.12631917530565
249,Pioneer AVHX5700BHS Double-DIN DVD Receiver with 7-Inch Display,100,2019-11-19 12:01,True,excellent,7020236187,True,12.687232062916744
250,BEST 548 EBike *Top Reviewed* $34/mo. or,1289,2019-11-19 11:43,True,Unknown,7020244889,True,44.664006628129755
251,Channel Islands Surfboard Fred Rubble,200,2019-11-19 05:46,True,Unknown,7020467819,True,13.396103789966118
252,Cables USB,10,2019-11-18 22:58,True,Unknown,7005104553,False,12.12631917530565
253,"5'10 Hack Surfboard ""Runner"" 5 Fin",500,2019-11-18 17:22,True,new,7022797488,False,23.542766263304078
254,"New! 6'8 Hack ""Roller"" 5 Fin Diamond Tail",560,2019-11-18 17:24,True,new,7022798202,False,23.542766263304078
255,"New Hack Surfboard ""Runner"" 6'4 w/5 Fin Future Setup",500,2019-11-18 17:21,True,new,7022796781,False,23.542766263304078
256,Firm Price! Brand New Backpack with Charging Port & Security Lock,40,2019-11-18 14:22,True,new,7022686779,False,11.36474645482835
257,I Buy iPhones and Samsung,777,2019-11-18 13:40,True,Unknown,7022663031,True,6.984096224975709
258,I Buy iPhones and Samsung,777,2019-11-18 13:33,True,Unknown,7022658231,True,6.984096224975709
259,I Pay CASH for SmartPhones & Electronics,345,2019-11-18 12:32,True,Unknown,7022611124,True,14.573822163862479
260,Anki Drive Racing Starter Kit Smartphone Controlled Racing,35,2019-11-18 08:51,True,like new,7022414342,True,13.058698165001628
261,"JVC KW-V230BT Multimedia Receiver 6.2"" Touch screen Clear Resistive",109,2019-11-18 07:50,True,excellent,7017921227,True,13.918907946330398
262,"JVC KW-V330BT 6.8"" Touch Screen 2 DIN DVD / CD Receiver w/ Bluetooth",119,2019-11-18 07:50,True,good,7017921611,False,13.918907946330398
263,Nintendo Switch Mods - Switch Games - Freeshop - Retro Games - Online,40,2019-11-18 04:05,True,new,7022241223,True,23.247891137309747
264,Apple iPhone Back Glass Only Repair,1,2019-11-05 07:19,True,like new,7014021155,True,6.0501283774880745
265,"IKOPO Magnetic Phone Car Mount,Strong Magnet Cell Phone Holder Stick O",12,2019-11-17 22:23,True,new,7022206848,False,19.820427149416307
266,21 SPEED FOLDING MOUNTAIN BIKE - NEW - BICICLETA,0,2019-11-17 11:47,True,new,None,False,2.6085850308228817
267,Bretford PowerSync Portable Charging Cart TL357LL/C for Apple iPods,300,2019-11-17 09:47,True,excellent,7005036596,False,8.38149755343288
268,Pioneer VSX-521-K 5.1 Home Theater HDMI Receiver + Speakers,200,2019-11-17 06:57,False,excellent,7021745414,True,11.344987515936785
269,iPhone Repair Near me ( Payless Wireless ),0,2019-11-04 10:17,True,Unknown,7013453792,True,12.714669937550394
270,"Cell Phone , Tablet, Computer Repair near You ( Payless Wireless )",0,2019-11-16 11:30,True,Unknown,7021370666,True,12.906395046452085
271,Samsung Galaxy S8/S8 Plus/ S9/ S9 Plus / Note 8/ Note 9 Repair,0,2019-11-16 10:45,True,Unknown,7021333691,True,12.714669937550394
272,‚ñá ‚ñáCA$H PAID 4 IPHONE IPAD MACBOOK GALAXY ‚ñá ‚ñá CASH NOW ‚ñá ‚ñá $ ‚ñá ‚ñá,900,2019-11-03 19:30,True,Unknown,7013092770,False,1245.247032431583
273,‚ñá ‚ñáCA$H PAID 4 IPHONE IPAD MACBOOK GALAXY ‚ñá ‚ñá CASH NOW ‚ñá ‚ñá $ ‚ñá ‚ñá,900,2019-11-03 18:34,True,Unknown,7013072866,False,1245.247032431583
274,‚ñá ‚ñáCA$H PAID 4 IPHONE IPAD MACBOOK GALAXY ‚ñá ‚ñá CASH NOW ‚ñá ‚ñá $ ‚ñá ‚ñá,900,2019-11-03 17:42,True,Unknown,7013050841,False,1245.247032431583
275,‚ñá ‚ñáCA$H PAID 4 IPHONE IPAD MACBOOK GALAXY ‚ñá ‚ñá CASH NOW ‚ñá ‚ñá $ ‚ñá ‚ñá,900,2019-11-03 17:07,True,Unknown,7013034252,False,1245.247032431583
276,‚ñá ‚ñáCA$H PAID 4 IPHONE IPAD MACBOOK GALAXY ‚ñá ‚ñá CASH NOW ‚ñá ‚ñá $ ‚ñá ‚ñá,999,2019-11-03 12:02,True,Unknown,7012859790,False,7.893485586560033
277,Instant cash for junk cars + free towing!                                       ,1,2019-11-14 10:18,True,Unknown,7020004090,True,0.0
278,1967 Chevrolet Chevelle Malibu SS 396 4 Speed,35000,2019-11-12 16:51,True,Unknown,7018977786,False,4.627745735134717
279,‚ñá ‚ñáCA$H PAID 4 IPHONE IPAD MACBOOK GALAXY ‚ñá ‚ñá CASH NOW ‚ñá ‚ñá $ ‚ñá ‚ñá,999,2019-11-01 15:31,True,Unknown,7011749518,False,7.893485586560033
280,‚ñá ‚ñáCA$H PAID 4 IPHONE IPAD MACBOOK GALAXY ‚ñá ‚ñá CASH NOW ‚ñá ‚ñá $ ‚ñá ‚ñá,999,2019-11-01 15:29,True,Unknown,7011747832,False,7.893485586560033
281,‚ñá ‚ñáCA$H PAID 4 IPHONE IPAD MACBOOK GALAXY ‚ñá ‚ñá CASH NOW ‚ñá ‚ñá $ ‚ñá ‚ñá,999,2019-11-01 15:09,True,Unknown,7011734674,False,7.893485586560033
282,Cell Phone Computer Repair Store ( Payless Wireless ),0,2019-11-11 09:56,True,Unknown,7017988340,True,12.906395046452085
283,"Cell Phone , Tablet, Computer Repair near me ( Payless Wireless )",0,2019-11-11 09:11,True,Unknown,7017947030,True,12.906395046452085
284,iPhone XR Screen Replacement,129,2019-10-30 12:33,True,Unknown,7010322423,True,12.714669937550394
285,iPhone XR Screen repair ( Payless Wireless ),129,2019-10-30 10:43,True,Unknown,7010226558,True,12.714669937550394
286,‚ñá ‚ñáCA$H PAID 4 IPHONE IPAD MACBOOK GALAXY ‚ñá ‚ñá CASH NOW ‚ñá ‚ñá $ ‚ñá ‚ñá,1090,2019-10-29 11:01,True,Unknown,7009116726,False,0.0
287,Instant cash for junk cars + free towing!                                       ,1,2019-11-07 10:16,True,Unknown,7015508228,True,0.0
288,"Cell Phone , Tablet, Computer Repair near me ( Payless Wireless )",0,2019-11-06 18:52,True,Unknown,7015179085,True,12.906395046452085
289,‚ñá ‚ñáCA$H PAID 4 IPHONE IPAD MACBOOK GALAXY ‚ñá ‚ñá CASH NOW ‚ñá ‚ñá $ ‚ñá ‚ñá,1090,2019-10-28 17:30,True,Unknown,7009117937,False,0.0
290,üíóCheapest in Town iPhone & Samsung Screen Repair & Used Phones Sellüíó,25,2019-10-28 12:17,True,like new,7008895220,False,6.119242284165598
291,Iphone - Iphone Buy - Iphone Sell - Iphone Top Buyer - Sell Iphone,12345,2019-10-28 09:28,True,Unknown,7008736043,True,14.573822163862479
292,San Diego Cell Phone Repairs and Tablet Repairs Best Prices in Town,1,2019-11-05 03:02,True,like new,7013912881,True,6.080285964442471
293,‚ñá ‚ñáCA$H PAID 4 IPHONE IPAD MACBOOK GALAXY ‚ñá ‚ñá CASH NOW ‚ñá ‚ñá $ ‚ñá ‚ñá,999,2019-10-26 15:09,True,Unknown,7007787739,False,7.893485586560033
294,‚ñá ‚ñáCA$H PAID 4 IPHONE IPAD MACBOOK GALAXY ‚ñá ‚ñá CASH NOW ‚ñá ‚ñá $ ‚ñá ‚ñá,999,2019-10-25 18:06,True,Unknown,7007230225,False,7.893485586560033
295,‚ñá ‚ñáCA$H PAID 4 IPHONE IPAD MACBOOK GALAXY ‚ñá ‚ñá CASH NOW ‚ñá ‚ñá $ ‚ñá ‚ñá,999,2019-10-25 11:50,True,Unknown,7006972304,False,7.893485586560033
296,‚ñá ‚ñáCA$H PAID 4 IPHONE IPAD MACBOOK GALAXY ‚ñá ‚ñá CASH NOW ‚ñá ‚ñá $ ‚ñá ‚ñá,9999,2019-10-25 11:37,True,Unknown,7006960537,False,7.893485586560033
297,ROCHE BOBOIS SOLID CHERRY PROVEN√áAL QUEEN SLEIGH BED,3285,2019-11-23 07:45,True,excellent,7017635622,True,2.6085850308228817
298,CALLIGARIS ROUND GLASS KITCHEN NOOK ROUND GLASS DINING TABLE,1895,2019-11-23 07:45,True,excellent,7017635768,True,2.6085850308228817
299,CALLIGARIS ROUND GLASS KITCHEN NOOK ROUND GLASS DINING TABLE,1895,2019-11-23 07:45,True,excellent,7017635965,True,2.6085850308228817
300,Instant cash for junk cars + free towing!                                       ,1,2019-10-31 10:16,True,Unknown,7010870580,True,0.0
301,Star Wars Darth Vader Helmet USB Car Charger special edition from Disn,30,2019-11-20 13:18,True,new,7015609479,False,13.168556535602395
302,Chamberlain MyQ Smart Garage Hub WiFi MYQ-G0301,18,2019-11-18 08:24,True,new,7018398634,False,20.505226397073553
303,I Buy iPhones and Samsung,777,2019-10-28 16:22,True,Unknown,7009080289,True,6.984096224975709
304,I Buy iPhones and Samsung,777,2019-10-28 16:21,True,Unknown,7009079360,True,6.984096224975709
305,San Diego Cell Phone Repairs and Tablet Repairs Best Prices in Town,1,2019-10-26 13:04,True,like new,7007704676,True,6.080285964442471
