,Name,Price,postDate,HasImage,Attributes,postID,contactInfo,latitude,longitude
0,Like New iPhone X 256GB AppleCare+ (Unlocked),$650,2019-11-19 20:05,Yes,"['condition: like new', 'cryptocurrency ok', 'make / manufacturer: Apple', 'mobile OS: apple iOS']",post id: 7003945173,False,32.795668,-117.243176
1,Iphone x webuy cash offer,$600,2019-11-19 17:51,No,['mobile OS: apple iOS'],post id: 7004349382,True,32.760700,-117.072100
2,iPhone X 256GB,$525,2019-11-19 16:22,Yes,['mobile OS: apple iOS'],post id: 7018137257,True,32.746600,-117.163600
3,X/XS?XS MAX/8/8+/7/7+/6s/6s TOP IPHONE BUYER,$0,2019-11-19 15:17,Yes,['mobile OS: apple iOS'],post id: 7021783086,False,32.778300,-117.133500
4,X/XS?XS MAX/8/8+/7/7+/6s/6s TOP IPHONE BUYER,$0,2019-11-19 15:17,Yes,['mobile OS: apple iOS'],post id: 7021783242,False,32.778300,-117.133500
5,X/XS?XS MAX/8/8+/7/7+/6s/6s TOP IPHONE BUYER,$0,2019-11-19 15:05,Yes,['mobile OS: apple iOS'],post id: 7021783291,False,32.778300,-117.133500
6,Apple iPhone X 256 gb Unlocked black,$575,2019-11-19 14:58,No,"['condition: like new', 'make / manufacturer: APPLE', 'mobile OS: apple iOS', 'model name / number: iphone x']",post id: 7023370309,True,32.916100,-117.140200
7,In perfect condition////Unlocked silver 256gb iPhone X%%%%Single owner,$400,2019-11-19 14:40,Yes,"['condition: excellent', 'mobile OS: apple iOS']",post id: 7023296526,True,32.718500,-117.159300
8,BUYRER%% Wan;Ted Phone iPHONE -X-8 Sealed iN BoX.,$0,2019-11-19 13:53,Yes,['mobile OS: apple iOS'],post id: 7014643883,False,32.762400,-117.124200
9,Cellphone battery pack for iPhone X or Iphone XS,$30,2019-11-19 13:50,Yes,"['condition: like new', 'make / manufacturer: Apple iphone', 'mobile OS: apple iOS', 'model name / number: IPhone XS']",post id: 7017024626,False,33.110100,-117.070000
10,Slighlty cracked Glass Protector / negotiable,$0,2019-11-19 13:09,Yes,"['make / manufacturer: repair phone iphone', 'mobile OS: apple iOS', 'model name / number: 6 6s 7 8 plus X Xs Max screen']",post id: 7010978573,False,33.089500,-117.112800
11,BUYRER%% Wan;Ted Phone iPHONE -X-8 Sealed iN BoX.,$0,2019-11-19 13:09,Yes,['mobile OS: apple iOS'],post id: 7014643839,False,32.762400,-117.124200
12,BUYRER%% Wan;Ted Phone iPHONE -X-8 Sealed iN BoX.,$0,2019-11-19 13:09,Yes,['mobile OS: apple iOS'],post id: 7014643856,False,32.762400,-117.124200
13,CALL NOW~!@ BUY IPHONE 7plus 8plus X XS max !~,$0,2019-11-19 13:05,Yes,['mobile OS: apple iOS'],post id: 7023223708,False,32.778300,-117.133500
14,CALL NOW~!@ BUY IPHONE 7plus 8plus X XS max !~,$0,2019-11-19 12:41,Yes,['mobile OS: apple iOS'],post id: 7023223812,False,32.778300,-117.133500
15,Iphone X Space Gray 256GB Very Good Condition,$500,2019-11-19 12:32,Yes,"['condition: good', 'make / manufacturer: Iphone', 'mobile OS: apple iOS', 'model name / number: X 256 GB']",post id: 7023277866,False,32.778300,-117.133500
16,Slighlty cracked Glass Protector / negotiable,$0,2019-11-19 12:24,Yes,"['make / manufacturer: repair phone iphone', 'mobile OS: apple iOS', 'model name / number: 6 6s 7 8 plus X Xs Max screen']",post id: 7010978555,False,33.089500,-117.112800
17,"Buy@ÊòºWe--M@@ackbo-ok As=@=X,8~iPhone(ÓÅûÈõ¢BU",$0,2019-11-19 12:17,Yes,['mobile OS: apple iOS'],post id: 7010814936,False,32.705900,-117.052400
18,iPhone X 256,$950,2019-11-19 12:17,No,"['condition: new', 'make / manufacturer: Apple', 'model name / number: X 256']",post id: 7023266079,True,33.098816,-117.204380
19,v X--PASS code IPHONE TOP bUyeR%# CASSH4:'.GALAXY:,$0,2019-11-19 12:07,Yes,['mobile OS: apple iOS'],post id: 7021249825,False,32.727200,-117.226800
20,v X--PASS code IPHONE TOP bUyeR%# CASSH4:'.GALAXY:,$0,2019-11-19 12:01,Yes,['mobile OS: apple iOS'],post id: 7021249757,False,32.727200,-117.226800
21,CALL NOW~!@ BUY IPHONE 7plus 8plus X XS max !~,$0,2019-11-19 11:47,Yes,['mobile OS: apple iOS'],post id: 7021851485,False,32.778300,-117.133500
22,CALL NOW~!@ BUY IPHONE 7plus 8plus X XS max !~,$0,2019-11-19 11:47,Yes,['mobile OS: apple iOS'],post id: 7021851539,False,32.778300,-117.133500
23,CALL NOW~!@ BUY IPHONE 7plus 8plus X XS max !~,$0,2019-11-19 11:37,Yes,"['cryptocurrency ok', 'mobile OS: apple iOS']",post id: 7021851571,False,32.778300,-117.133500
24,Slighlty cracked Glass Protector / negotiable,$0,2019-11-19 11:21,Yes,"['make / manufacturer: repair phone iphone', 'mobile OS: apple iOS', 'model name / number: 6 6s 7 8 plus X Xs Max screen']",post id: 7010978542,False,33.089500,-117.112800
25,"Buy@ÊòºWe--M@@ackbo-ok As=@=X,8~iPhone(ÓÅûÈõ¢BU",$0,2019-11-19 11:10,Yes,['mobile OS: apple iOS'],post id: 7010815052,False,32.705900,-117.052400
26,Firm Price! Brand New Case for iPhone X or XS,$10,2019-11-19 11:03,Yes,"['condition: new', 'mobile OS: apple iOS']",post id: 7014301319,False,32.745400,-117.127200
27,BUY!!iPHONE 8 8 PLUS X 10 7 (BUY GALAXY) S9/S9+@,$0,2019-11-19 10:49,Yes,['mobile OS: apple iOS'],post id: 7021834449,False,32.778300,-117.133500
28,iPhone X 256gb,$700,2019-11-19 10:21,Yes,"['condition: new', 'make / manufacturer: iphone X / Apple', 'mobile OS: apple iOS', 'model name / number: NQCP2LL/A865']",post id: 7023170691,False,33.119300,-117.185000
29,Slighlty cracked Glass Protector / negotiable,$0,2019-11-19 08:34,Yes,"['make / manufacturer: repair phone iphone', 'mobile OS: apple iOS', 'model name / number: 6 6s 7 8 plus X Xs Max screen']",post id: 7010978540,False,33.089500,-117.112800
30,Ready !!SELL?? iPhone X/8+ %%,$0,2019-11-19 07:50,Yes,"['condition: like new', 'mobile OS: apple iOS']",post id: 7022970440,False,32.746600,-117.163600
31,Ready !!SELL?? iPhone X/8+ %%,$0,2019-11-19 07:19,Yes,"['condition: like new', 'mobile OS: apple iOS']",post id: 7022970434,False,32.746600,-117.163600
32,iPhone X 64gb UNLOCKED One month old,$520,2019-11-19 07:03,Yes,"['condition: like new', 'make / manufacturer: Apple', 'mobile OS: apple iOS', 'model name / number: iPhone X']",post id: 7021537529,True,33.075596,-117.059841
33,Iphone X 64gb - Excellent condition at&t,$520,2019-11-18 20:30,Yes,"['condition: like new', 'make / manufacturer: Apple', 'mobile OS: apple iOS', 'model name / number: X']",post id: 7022864385,False,32.705900,-117.052400
34,IPhone X 256 Gb,$200,2019-11-18 20:10,Yes,[],post id: 7022864642,False,32.608400,-117.056500
35,iPhone X 64gb Space Gray,$450,2019-11-18 19:22,Yes,['mobile OS: apple iOS'],post id: 7022848766,True,32.667100,-117.022100
36,iPhone X,$600,2019-11-18 18:31,No,"['make / manufacturer: iPhone X 256 Mb', 'mobile OS: apple iOS', 'model name / number: MQAM2LL/A']",post id: 7022829110,False,32.796900,-117.240500
37,Apple iPhone X 256gb excellent in box complete,$450,2019-11-18 16:58,Yes,['mobile OS: apple iOS'],post id: 7019270169,False,33.138800,-117.052000
38,X--PASS code IPHONE TOP bUyeR%# CASSH4:'.GALAXY:,$0,2019-11-18 16:18,Yes,['mobile OS: apple iOS'],post id: 7022704626,False,32.727200,-117.226800
39,X--PASS code IPHONE TOP bUyeR%# CASSH4:'.GALAXY:,$0,2019-11-18 16:17,Yes,['mobile OS: apple iOS'],post id: 7022704595,False,32.727200,-117.226800
40,BUY!!iPHONE 8 8 PLUS X 10 7 (BUY GALAXY) S9/S9+@,$0,2019-11-18 15:57,Yes,['mobile OS: apple iOS'],post id: 7022690833,False,32.727200,-117.226800
41,"*~*~* FAST & RELIABLE REPAIR*~*~* IPHONE 5 6 7 8 X, SAMSUNG, NOTE,IPAD",$0,2019-11-18 15:39,Yes,"['condition: like new', 'make / manufacturer: IPHONE SCREEN REPAIR', 'mobile OS: apple iOS', 'model name / number: IPHONE SCREEN REPAIR']",post id: 7019411519,False,32.713900,-117.121900
42,BUY!!iPHONE 8 8 PLUS X 10 7 (BUY GALAXY) S9/S9+@,$0,2019-11-18 15:35,Yes,['mobile OS: apple iOS'],post id: 7022690948,False,32.727200,-117.226800
43,BUY!!iPHONE 8 8 PLUS X 10 7 (BUY GALAXY) S9/S9+@,$0,2019-11-18 15:28,Yes,['mobile OS: apple iOS'],post id: 7022690904,False,32.727200,-117.226800
44,"*~*~* FAST & RELIABLE REPAIR*~*~* IPHONE 5 6 7 8 X, SAMSUNG, NOTE,IPAD",$0,2019-11-18 14:54,Yes,"['condition: like new', 'make / manufacturer: IPHONE SCREEN REPAIR', 'mobile OS: apple iOS', 'model name / number: IPHONE SCREEN REPAIR']",post id: 7019410634,False,32.713900,-117.121900
45,"*~*~* FAST & RELIABLE REPAIR*~*~* IPHONE 5 6 7 8 X, SAMSUNG, NOTE,IPAD",$0,2019-11-18 14:36,Yes,"['condition: like new', 'make / manufacturer: IPHONE SCREEN REPAIR', 'mobile OS: apple iOS', 'model name / number: IPHONE SCREEN REPAIR']",post id: 7019410746,False,0,0
46,JUST%% WE ARE Tbuy MACKBOOK Iphone BuyeR 8+/ X--neded ['YYg,$0,2019-11-18 14:00,Yes,['mobile OS: apple iOS'],post id: 7022591341,False,32.727200,-117.226800
47,JUST%% WE ARE Tbuy MACKBOOK Iphone BuyeR 8+/ X--neded ['YYg,$0,2019-11-18 13:45,Yes,['mobile OS: apple iOS'],post id: 7022591264,False,32.727200,-117.226800
48,JUST%% WE ARE Tbuy MACKBOOK Iphone BuyeR 8+/ X--neded ['YYg,$0,2019-11-18 13:27,Yes,['mobile OS: apple iOS'],post id: 7022591418,False,32.727200,-117.226800
49,FIRM PRICE! Brand New Premium Case for iPhone X or XS,$15,2019-11-18 12:06,Yes,"['condition: new', 'mobile OS: apple iOS']",post id: 7009025027,False,32.745400,-117.127200
50,BUY!!iPHONE 8 8 PLUS X 10 7 (BUY GALAXY) S9/S9+@,$0,2019-11-18 11:49,Yes,['mobile OS: apple iOS'],post id: 7022488033,False,32.727200,-117.226800
51,BUY!!iPHONE 8 8 PLUS X 10 7 (BUY GALAXY) S9/S9+@,$0,2019-11-18 11:48,Yes,['mobile OS: apple iOS'],post id: 7022488102,False,32.727200,-117.226800
52,BUY!!iPHONE 8 8 PLUS X 10 7 (BUY GALAXY) S9/S9+@,$0,2019-11-18 11:42,Yes,['mobile OS: apple iOS'],post id: 7022488097,False,32.727200,-117.226800
53,iPhone X / XR / XS MAX SCREEN REPAIR,$0,2019-11-18 11:41,Yes,['mobile OS: apple iOS'],post id: 7022569121,True,32.761288,-117.067163
54,@@ For sale is an iphone x 64gb in excellent condition. @ -@@@,$220,2019-11-18 10:15,Yes,['mobile OS: apple iOS'],post id: 7022411087,False,33.138800,-117.052000
55,"IPHONE REPAIR: BROKEN GLASS 6 7 8 X PLUS, IC SOLDERING, WATER DAMAGE",$0,2019-11-18 09:06,Yes,"['condition: like new', 'mobile OS: apple iOS']",post id: 7019271759,False,32.795800,-117.070700
56,iPhone X 64gb,$500,2019-11-18 08:37,Yes,"['condition: like new', 'make / manufacturer: iPhone', 'model name / number: X 64bg']",post id: 7022402064,False,33.119300,-117.185000
57,===iPHONE 10 (X)===EXCELLENT COND=== 64GB===TMOBILE===14 months old===,$550,2019-11-18 05:30,Yes,[],post id: 7022245259,True,33.107200,-117.294300
58,Brand New White/Silver iPhone X,$500,2019-11-17 19:05,No,"['make / manufacturer: Apple', 'mobile OS: apple iOS', 'model name / number: iPhone X']",post id: 7022157198,False,32.742500,-117.243300
59,Like New Iphone X Space Gray 256gb Unlocked,$540,2019-11-17 18:18,Yes,"['condition: like new', 'mobile OS: apple iOS']",post id: 7004483736,False,32.631500,-116.940800
60,Unlocked iPhone X 64GB Silver,$550,2019-11-17 18:01,Yes,['mobile OS: apple iOS'],post id: 7017903552,False,32.873062,-117.204341
61,Apple - iPhone X 256GB - Silver (NEW),$700,2019-11-17 16:38,Yes,['mobile OS: apple iOS'],post id: 7014245641,False,32.718500,-117.159300
62,BUY!!iPHONE 8 8 PLUS X 10 7 (BUY GALAXY) S9/S9+@,$0,2019-11-17 15:44,Yes,['mobile OS: apple iOS'],post id: 7022029118,False,32.778300,-117.133500
63,"____BIG!!Top buyer=Nwew@X'7'8' unlocked"" iphone buy+++",$0,2019-11-17 15:35,Yes,['mobile OS: apple iOS'],post id: 7009481080,False,32.762400,-117.124200
64,"____BIG!!Top buyer=Nwew@X'7'8' unlocked"" iphone buy+++",$0,2019-11-17 15:35,Yes,['mobile OS: apple iOS'],post id: 7009481364,False,32.762400,-117.124200
65,BUY!!iPHONE 8 8 PLUS X 10 7 (BUY GALAXY) S9/S9+@,$0,2019-11-17 15:35,Yes,['mobile OS: apple iOS'],post id: 7022029098,False,32.778300,-117.133500
66,OtterBox case I phone X or XS,$15,2019-11-17 15:21,Yes,"['condition: new', 'make / manufacturer: Otter box', 'mobile OS: android', 'model name / number: iPhone X or XS']",post id: 7022058920,False,32.683200,-115.502800
67,iPhone X 256G,$550,2019-11-17 13:36,Yes,"['condition: like new', 'make / manufacturer: Apple', 'mobile OS: apple iOS', 'model name / number: iPhone X']",post id: 7021998900,False,32.891900,-117.203500
68,FIRM PRICE! NO Offers. NEW Case for iPhone X or XS,$15,2019-11-17 12:06,Yes,"['condition: new', 'mobile OS: apple iOS']",post id: 7013107965,False,32.745400,-117.127200
69,FIRM PRICE! NEW Premium Red Case for iPhone X or XS,$15,2019-11-17 12:03,Yes,"['condition: new', 'mobile OS: apple iOS']",post id: 7013102786,False,32.745400,-117.127200
70,FIRM PRICE! Brand New Premium Case for iPhone X or XS,$15,2019-11-17 11:56,Yes,"['condition: new', 'mobile OS: apple iOS']",post id: 7008178924,False,32.745400,-117.127200
71,Firm Price! Brand New Wallet Case for iPhone X or XS,$15,2019-11-17 11:56,Yes,"['condition: new', 'mobile OS: apple iOS']",post id: 7017206091,False,32.745400,-117.127200
72,"iPhone X 256GB , UnLocked",$580,2019-11-17 11:23,Yes,"['condition: excellent', 'mobile OS: apple iOS']",post id: 7011042103,False,32.857700,-117.211500
73,BUY!!iPHONE 8 8 PLUS X 10 7 (BUY GALAXY) S9/S9+@,$0,2019-11-17 11:21,Yes,['mobile OS: apple iOS'],post id: 7021834325,False,32.778300,-117.133500
74,iPhone X 256,$550,2019-11-17 10:54,Yes,['mobile OS: apple iOS'],post id: 7017075704,False,32.810124,-117.237673
75,BUY!!iPHONE 8 8 PLUS X 10 7 (BUY GALAXY) S9/S9+@,$0,2019-11-17 08:21,Yes,['mobile OS: apple iOS'],post id: 7020220555,False,32.727200,-117.226800
76,BUY!!iPHONE 8 8 PLUS X 10 7 (BUY GALAXY) S9/S9+@,$0,2019-11-17 08:21,Yes,['mobile OS: apple iOS'],post id: 7020220568,False,32.727200,-117.226800
77,iPhone X 256GB Space Gray - unlocked,$550,2019-11-16 21:21,Yes,"['condition: excellent', 'make / manufacturer: Apple', 'mobile OS: apple iOS', 'model name / number: iPhone X 256GB']",post id: 7016287681,False,32.857700,-117.211500
78,IPHONE X 64GB UNLOCKED FOR ANY CELLPHONE COMPANY FEEL FREE TO TEST IT,$469,2019-11-16 17:21,Yes,"['condition: excellent', 'make / manufacturer: Apple iPhone X', 'mobile OS: apple iOS', 'model name / number: IPHONEX 64gb']",post id: 7021532141,False,33.144400,-117.169700
79,IPHONE X 256GB UNLOCKED PERFECT CONDITION PRICE IS NEGOTIABL,$569,2019-11-16 15:43,Yes,"['condition: like new', 'make / manufacturer: Apple iPhone X', 'mobile OS: apple iOS', 'model name / number: 256Gb']",post id: 7016822797,False,32.778300,-117.133500
80,iPhone X 64GB unlocked works with any cellphone company worldwide,$469,2019-11-16 15:40,Yes,"['condition: good', 'make / manufacturer: Apple iPhoneX', 'mobile OS: apple iOS', 'model name / number: 64GB unlocked']",post id: 7017959828,False,32.916100,-117.140200
81,iPhone X 256GB with Apple Care,$600,2019-11-16 15:32,Yes,"['condition: excellent', 'mobile OS: apple iOS', 'model name / number: iPhone X']",post id: 7021530830,False,32.965200,-117.121300
82,Apple iPhone X 64GB Black Unlocked,$520,2019-11-16 12:24,Yes,"['condition: like new', 'make / manufacturer: Apple', 'mobile OS: apple iOS', 'model name / number: iPhone X', 'size / dimensions: 64']",post id: 7019017555,False,32.750337,-117.204734
83,New BodyGuardz Apple iPhone Xs/X Tempered Glass Screen Protector,$35,2019-11-16 09:59,Yes,"['condition: new', 'make / manufacturer: BodyGuardz']",post id: 7014181278,False,32.966500,-117.249000
84,New BodyGuardz Apple iPhone Xs/X Tempered Glass Screen Protector,$35,2019-11-16 09:59,Yes,"['condition: new', 'make / manufacturer: BodyGuardz']",post id: 7014189427,False,32.966500,-117.249000
85,New BodyGuardz Apple iPhone Xs/X Tempered Glass Screen Protector,$35,2019-11-16 09:59,Yes,"['condition: new', 'make / manufacturer: BodyGuardz']",post id: 7014190543,False,32.966500,-117.249000
86,IPHONE X 64GB UNLOCKED,$450,2019-11-16 08:42,Yes,"['condition: new', 'make / manufacturer: Apple', 'mobile OS: apple iOS', 'model name / number: iPhone X']",post id: 7021206318,True,32.680600,-117.047400
87,AT&T iPhone X,$400,2019-11-15 19:50,Yes,['mobile OS: apple iOS'],post id: 7021001869,False,33.196800,-117.283100
88,IPhone X Case Game Console Play Gameboy Tetris,$10,2019-11-15 18:59,Yes,"['condition: new', 'mobile OS: apple iOS']",post id: 7019410343,False,33.006700,-117.069000
89,FIRM PRICE! NO Offers. Brand New Premium Case for iPhone X or XS,$15,2019-11-15 13:18,Yes,"['condition: new', 'mobile OS: apple iOS']",post id: 7020795575,False,32.745400,-117.127200
90,FIRM PRICE! NO Offers. NEW Case for iPhone X or XS,$15,2019-11-15 12:20,Yes,"['condition: new', 'mobile OS: apple iOS']",post id: 7011404455,False,32.745400,-117.127200
91,iPhone X**!!~** BRAND NEW**!!~** OPEN BOX c - $223,$0,2019-11-15 09:04,Yes,['mobile OS: apple iOS'],post id: 7020496305,False,32.742500,-117.243300
92,iPhone iPad Samsung Screen LCD Battery Repair XS X 8 8+ 7 7+ 6S 6+ 5SE,$0,2019-11-15 08:44,Yes,"['condition: excellent', 'mobile OS: apple iOS']",post id: 7020484430,False,32.742300,-117.094700
93,iPhone iPad Samsung Screen LCD Battery Repair XS X 8 8+ 7 7+ 6S 6+ 5SE,$0,2019-11-15 08:35,Yes,"['condition: excellent', 'mobile OS: apple iOS']",post id: 7020484372,False,32.742300,-117.094700
94,iPhone iPad Samsung Screen LCD Battery Repair XS X 8 8+ 7 7+ 6S 6+ 5SE,$0,2019-11-15 08:04,Yes,"['condition: excellent', 'mobile OS: apple iOS']",post id: 7020484412,False,32.742300,-117.094700
95,FIRM PRICE! NO Offers. Brand New Premium Case for iPhone X or XS,$15,2019-11-14 14:13,Yes,"['condition: new', 'mobile OS: apple iOS']",post id: 7020184038,False,32.745400,-117.127200
96,X--PASS code IPHONE TOP bUyeR%# CASSH4:'.GALAXY:,$0,2019-11-14 13:58,Yes,['mobile OS: apple iOS'],post id: 7016420335,False,32.727200,-117.226800
97,X--PASS code IPHONE TOP bUyeR%# CASSH4:'.GALAXY:,$0,2019-11-14 13:58,Yes,['mobile OS: apple iOS'],post id: 7016420343,False,33.459900,-88.832200
98,"____BIG!!Top buyer=Nwew@X'7'8' unlocked"" iphone buy+++",$0,2019-11-14 13:57,Yes,['mobile OS: apple iOS'],post id: 7000372975,False,32.758275,-117.157249
99,X-MAX LOCKED 1oS IPHONE top BUYER@XS..XR..X ###,$0,2019-11-14 13:56,Yes,['mobile OS: apple iOS'],post id: 7016263247,False,32.778300,-117.133500
100,X-MAX LOCKED 1oS IPHONE top BUYER@XS..XR..X ###,$0,2019-11-14 13:56,Yes,['mobile OS: apple iOS'],post id: 7016263301,False,32.778300,-117.133500
101,X-MAX LOCKED 1oS IPHONE top BUYER@XS..XR..X ###,$0,2019-11-14 13:56,Yes,['mobile OS: apple iOS'],post id: 7016263340,False,32.778300,-117.133500
102,BUY!!iPHONE 8 8 PLUS X 10 7 (BUY GALAXY) S10/S9+@,$0,2019-11-14 13:54,Yes,['mobile OS: apple iOS'],post id: 7014962304,False,32.727200,-117.226800
103,X--PASS code IPHONE TOP bUyeR%# CASSH4:'.GALAXY:,$0,2019-11-14 13:46,Yes,['mobile OS: apple iOS'],post id: 7016420302,False,32.727200,-117.226800
104,FIRM PRICE! NO Offers. NEW Case for iPhone X or XS,$15,2019-11-14 13:05,Yes,"['condition: new', 'mobile OS: apple iOS']",post id: 7015648095,False,32.745400,-117.127200
105,X-MAX Apple iPhone 8 64GB Gold PARTS Space gray T-Mobile -[;,$0,2019-11-14 12:39,Yes,['mobile OS: apple iOS'],post id: 7008153375,False,32.727200,-117.226800
106,X-MAX Apple iPhone 8 64GB Gold PARTS Space gray T-Mobile -[;,$0,2019-11-14 12:39,Yes,['mobile OS: apple iOS'],post id: 7008153433,False,32.727200,-117.226800
107,FIRM PRICE! NO Offers. NEW Case for iPhone X or XS,$15,2019-11-14 12:36,Yes,['condition: new'],post id: 7010981108,False,32.745400,-117.127200
108,iphone x cases ( 9 cases for only $10),$10,2019-11-13 21:13,Yes,"['condition: new', 'mobile OS: apple iOS']",post id: 7017183453,True,32.817800,-116.922300
109,iPhone,$500,2019-11-13 19:20,Yes,"['condition: excellent', 'make / manufacturer: Apple', 'mobile OS: apple iOS', 'model name / number: iPhone x']",post id: 7019689805,False,33.196800,-117.283100
110,NIB Luvvitt Clear iPhone X/XS Case,$5,2019-11-13 13:43,Yes,"['condition: new', 'make / manufacturer: luvvitt', 'mobile OS: apple iOS', 'model name / number: iphone X/XS']",post id: 7019510659,True,32.658700,-116.965200
111,FIRM PRICE! Brand New Slim Soft Silicone Case for iPhone X or XS,$20,2019-11-13 11:29,Yes,"['condition: new', 'mobile OS: apple iOS']",post id: 7010362949,False,32.745400,-117.127200
112,Good iPhone X --with 256GB--UNLOCKED,$350,2019-11-13 05:51,Yes,['mobile OS: apple iOS'],post id: 7019113254,False,32.763500,-117.202800
113,IPHONE X UNLOCKED,$450,2019-11-12 17:48,Yes,"['condition: like new', 'make / manufacturer: APPLE', 'mobile OS: apple iOS', 'model name / number: X']",post id: 7019003302,False,32.724000,-116.997600
114,Iphone X,$500,2019-11-12 14:16,Yes,"['condition: new', 'make / manufacturer: apple', 'mobile OS: apple iOS', 'model name / number: iphone x']",post id: 7018882754,False,32.796900,-117.240500
115,iPhone X XS XS MAX Repair,$1,2019-10-28 12:14,Yes,"['condition: new', 'mobile OS: apple iOS']",post id: 7008892302,False,32.763500,-117.202800
116,iPhone X XR Repair,$1,2019-10-28 12:08,Yes,"['condition: new', 'mobile OS: apple iOS']",post id: 7008887228,False,32.763500,-117.202800
117,cheap iPhone repair,$54,2019-11-19 14:49,No,['mobile OS: apple iOS'],post id: 7023291835,True,33.053500,-117.268900
118,iPhone repair - I come to you,$1,2019-11-19 14:02,Yes,['mobile OS: apple iOS'],post id: 7023289893,True,33.081588,-117.234249
119,Iphone 6 / 16GB / Rose-Gold / Verizon,$100,2019-11-19 13:56,Yes,"['condition: excellent', 'make / manufacturer: Iphone 6 / Apple', 'mobile OS: apple iOS', 'model name / number: A1549']",post id: 7023339752,False,33.118863,-117.216911
120,iHome Speakers for iPhone iPod Bongiovi DPS Chargin Dock Power Adapter,$35,2019-11-19 12:18,Yes,['condition: excellent'],post id: 7008259653,True,32.783201,-117.203240
121,iphone repair - I come to you,$1,2019-11-19 10:39,Yes,['mobile OS: apple iOS'],post id: 7023106211,True,33.095400,-117.261900
122,iPhone 11 pro max A2161,$700,2019-11-19 00:11,Yes,"['condition: excellent', 'make / manufacturer: Apple', 'model name / number: iPhone 11 pro max', 'size / dimensions: 177x58x8.1mm']",post id: 7022896827,True,32.711405,-117.157688
123,Fastest turn-around & I PH ONE RE-PAIR & Easy Decision!!!,$0,2019-11-18 16:34,Yes,"['make / manufacturer: iphone galaxy repair cellphone', 'mobile OS: apple iOS', 'model name / number: buyer buy screen fix']",post id: 7022712068,True,32.742300,-117.094700
124,Fastest turn-around & I PH ONE RE-PAIR & Easy Decision!!!,$0,2019-11-18 16:05,Yes,"['make / manufacturer: iphone galaxy repair cellphone', 'mobile OS: apple iOS', 'model name / number: buyer buy screen fix']",post id: 7022712074,True,32.742300,-117.094700
125,Fastest turn-around & I PH ONE RE-PAIR & Easy Decision!!!,$0,2019-11-18 15:54,Yes,"['make / manufacturer: iphone galaxy repair cellphone', 'mobile OS: apple iOS', 'model name / number: buyer buy screen fix']",post id: 7022712057,True,32.742300,-117.094700
126,Looking to buy iPhone or Galaxy,$12345,2019-11-18 14:53,Yes,[],post id: 7020852573,True,32.916100,-117.140200
127,New JVC headunit iPhone Android Bluetooth MP3 Aux Micro SD USB Pandora,$8,2019-11-18 13:09,Yes,[],post id: 7015727426,True,32.891900,-117.203500
128,iphone 10 256GB,$650,2019-11-18 12:00,Yes,"['condition: like new', 'delivery available', 'make / manufacturer: apple', 'model name / number: iphone 10']",post id: 7022580295,False,32.637100,-117.067600
129,iPHONE B. UYER,$750,2019-11-18 10:48,Yes,['mobile OS: apple iOS'],post id: 7013873426,True,32.792800,-116.966500
130,iPHONE B. UYER,$800,2019-11-18 10:48,Yes,[],post id: 7018892546,True,32.792800,-116.966500
131,We Bare Bears Phone Case for iPhone (NEW),$15,2019-11-18 09:21,Yes,['condition: new'],post id: 7022442659,False,32.797200,-117.170800
132,">Iphone plus, pro,max 2/3/4/Mini/Ipad Air Repair(",$0,2019-11-18 06:00,Yes,['mobile OS: apple iOS'],post id: 7020057221,False,32.795800,-117.070700
133,"Swyop Battery Case for iPhone 6s, 6000mAh Portable Charging Case for i",$25,2019-11-17 22:32,Yes,['condition: new'],post id: 7022206742,False,32.777700,-116.919100
134,"Swyop Battery Case for iPhone 6s, 6000mAh Portable Charging Case for i",$25,2019-11-17 22:32,Yes,['condition: new'],post id: 7022206960,False,32.777700,-116.919100
135,"Swyop Battery Case for iPhone 6s, 6000mAh Portable Charging Case for i",$25,2019-11-17 22:30,Yes,['condition: new'],post id: 7022206898,False,32.777700,-116.919100
136,‚ñá ‚ñáCA$H PAID 4 IPHONE IPAD MACBOOK GALAXY ‚ñá ‚ñá CASH NOW ‚ñá ‚ñá $ ‚ñá ‚ñá,$900,2019-11-17 19:08,Yes,['mobile OS: apple iOS'],post id: 7022159374,False,37.132840,-95.785580
137,‚ñá ‚ñáCA$H PAID 4 IPHONE IPAD MACBOOK GALAXY ‚ñá ‚ñá CASH NOW ‚ñá ‚ñá $ ‚ñá ‚ñá,$900,2019-11-17 18:18,Yes,['mobile OS: apple iOS'],post id: 7022140759,False,37.132840,-95.785580
138,‚ñá ‚ñáCA$H PAID 4 IPHONE IPAD MACBOOK GALAXY ‚ñá ‚ñá CASH NOW ‚ñá ‚ñá $ ‚ñá ‚ñá,$900,2019-11-17 17:26,Yes,['mobile OS: apple iOS'],post id: 7022119424,False,37.132840,-95.785580
139,">Iphone plus, pro,max 2/3/4/Mini/Ipad Air Repair(",$0,2019-11-17 15:25,Yes,['mobile OS: apple iOS'],post id: 7020057254,False,32.795800,-117.070700
140,‚ñá ‚ñáCA$H PAID 4 IPHONE IPAD MACBOOK GALAXY ‚ñá ‚ñá CASH NOW ‚ñá ‚ñá $ ‚ñá ‚ñá,$900,2019-11-17 15:14,Yes,['mobile OS: apple iOS'],post id: 7022057306,False,37.132840,-95.785580
141,‚ñá ‚ñáCA$H PAID 4 IPHONE IPAD MACBOOK GALAXY ‚ñá ‚ñá CASH NOW ‚ñá ‚ñá $ ‚ñá ‚ñá,$900,2019-11-17 14:32,Yes,['mobile OS: apple iOS'],post id: 7022034781,False,37.132840,-95.785580
142,‚ñá ‚ñáCA$H PAID 4 IPHONE IPAD MACBOOK GALAXY ‚ñá ‚ñá CASH NOW ‚ñá ‚ñá $ ‚ñá ‚ñá,$900,2019-11-17 13:12,Yes,['mobile OS: apple iOS'],post id: 7021987278,False,37.132840,-95.785580
143,‚ñá ‚ñáCA$H PAID 4 IPHONE IPAD MACBOOK GALAXY ‚ñá ‚ñá CASH NOW ‚ñá ‚ñá $ ‚ñá ‚ñá,$900,2019-11-17 11:52,Yes,['mobile OS: apple iOS'],post id: 7021934247,False,37.132840,-95.785580
144,‚ñá ‚ñáCA$H PAID 4 IPHONE IPAD MACBOOK GALAXY ‚ñá ‚ñá CASH NOW ‚ñá ‚ñá $ ‚ñá ‚ñá,$900,2019-11-17 11:07,Yes,['mobile OS: apple iOS'],post id: 7021903166,False,37.132840,-95.785580
145,‚ñá ‚ñáCA$H PAID 4 IPHONE IPAD MACBOOK GALAXY ‚ñá ‚ñá CASH NOW ‚ñá ‚ñá $ ‚ñá ‚ñá,$900,2019-11-17 10:15,Yes,['mobile OS: apple iOS'],post id: 7021868312,False,37.132840,-95.785580
146,"Samsung Gear S2 smart watch, galaxy iPhone compatible, men/women",$80,2019-11-17 09:20,Yes,"['condition: like new', 'make / manufacturer: Samsung', 'mobile OS: android', 'model name / number: Gear S2']",post id: 7008462586,False,33.138800,-117.052000
147,‚ñá ‚ñáCA$H PAID 4 IPHONE IPAD MACBOOK GALAXY ‚ñá ‚ñá CASH NOW ‚ñá ‚ñá $ ‚ñá ‚ñá,$900,2019-11-16 18:34,Yes,['mobile OS: apple iOS'],post id: 7021608531,False,37.132840,-95.785580
148,‚ñá ‚ñáCA$H PAID 4 IPHONE IPAD MACBOOK GALAXY ‚ñá ‚ñá CASH NOW ‚ñá ‚ñá $ ‚ñá ‚ñá,$900,2019-11-16 17:33,Yes,['mobile OS: apple iOS'],post id: 7021587002,False,37.132840,-95.785580
149,‚ñá ‚ñáCA$H PAID 4 IPHONE IPAD MACBOOK GALAXY ‚ñá ‚ñá CASH NOW ‚ñá ‚ñá $ ‚ñá ‚ñá,$900,2019-11-16 15:01,Yes,['mobile OS: apple iOS'],post id: 7021516527,False,37.132840,-95.785580
150,‚ñá ‚ñáCA$H PAID 4 IPHONE IPAD MACBOOK GALAXY ‚ñá ‚ñá CASH NOW ‚ñá ‚ñá $ ‚ñá ‚ñá,$900,2019-11-16 14:10,Yes,['mobile OS: apple iOS'],post id: 7021486581,False,37.132840,-95.785580
151,‚ñá ‚ñáCA$H PAID 4 IPHONE IPAD MACBOOK GALAXY ‚ñá ‚ñá CASH NOW ‚ñá ‚ñá $ ‚ñá ‚ñá,$999,2019-11-16 12:02,Yes,['\n\nmore ads  by this user        \n'],post id: 7021396436,False,32.779109,-117.176697
152,‚ñá ‚ñáCA$H PAID 4 IPHONE IPAD MACBOOK GALAXY ‚ñá ‚ñá CASH NOW ‚ñá ‚ñá $ ‚ñá ‚ñá,$900,2019-11-16 11:45,Yes,['mobile OS: apple iOS'],post id: 7021382963,False,37.132840,-95.785580
153,‚ñá ‚ñáCA$H PAID 4 IPHONE IPAD MACBOOK GALAXY ‚ñá ‚ñá CASH NOW ‚ñá ‚ñá $ ‚ñá ‚ñá,$900,2019-11-16 11:00,Yes,['mobile OS: apple iOS'],post id: 7021346592,False,37.132840,-95.785580
154,"Apple carplay for bmw 1,2,3,4,5 series, X-series 2012-2018 NBT",$399,2019-11-16 09:37,Yes,['condition: new'],post id: 7021262083,True,34.107400,-118.365200
155,10000mAh Universal Portable Power Bank Qi Wireless Charger for iPhone,$30,2019-11-15 16:00,Yes,['condition: new'],post id: 7020895449,False,33.163900,-117.300900
156,‚ñá ‚ñáCA$H PAID 4 IPHONE IPAD MACBOOK GALAXY ‚ñá ‚ñá CASH NOW ‚ñá ‚ñá $ ‚ñá ‚ñá,$999,2019-11-15 15:12,Yes,['mobile OS: apple iOS'],post id: 7020878063,False,32.779109,-117.176697
157,"iPhone Repair, Cracked Screen Repair, Samsung Galax Today **WE UNLOCK",$0,2019-11-15 13:08,Yes,['mobile OS: apple iOS'],post id: 7001399167,False,32.713900,-117.121900
158,‚ñá ‚ñáCA$H PAID 4 IPHONE IPAD MACBOOK GALAXY ‚ñá ‚ñá CASH NOW ‚ñá ‚ñá $ ‚ñá ‚ñá,$9999,2019-11-15 13:06,Yes,['\n\nmore ads  by this user        \n'],post id: 7020789936,False,32.779109,-117.176697
159,"iPhone Repair, Cracked Screen Repair, Samsung Galax Today **WE UNLOCK",$0,2019-11-15 07:38,Yes,['mobile OS: apple iOS'],post id: 7001399186,False,32.713900,-117.121900
160,iOS 13 iPhone Unlock SIM for any iPhone Carrier (Financed/Contract OK),$35,2019-11-14 18:07,Yes,['mobile OS: apple iOS'],post id: 7020311696,False,25.787300,-80.156400
161,IPhone 7 - 128 GB - T-Mobile,$150,2019-11-14 12:32,Yes,"['condition: excellent', 'make / manufacturer: Apple', 'mobile OS: apple iOS', 'model name / number: IPhone 7 - 128GB']",post id: 7020110739,False,32.791719,-117.107735
162,Apple iPhone 6S 64GB,$100,2019-11-14 09:07,Yes,"['condition: good', 'make / manufacturer: Apple', 'model name / number: iPhone 6s']",post id: 7019933531,False,33.184113,-117.227219
163,üíóCheapest in Town iPhone & Samsung Screen Repair & Used Phones Sellüíó,$25,2019-11-14 08:31,Yes,"['condition: like new', 'make / manufacturer: Apple / Samsung', 'mobile OS: apple iOS', 'model name / number: All iPhone & Samsung Models']",post id: 7019914154,False,32.829941,-117.151719
164,Belkin wireless charging pad - iPhone Charger (new in packaging),$18,2019-11-13 19:44,Yes,"['condition: new', 'make / manufacturer: Belkin', 'mobile OS: apple iOS', 'model name / number: BOOST‚ÜëUP/F7U027dqWHT']",post id: 7019694193,False,32.796900,-117.240500
165,Apple iPhone XS Max-Great Condition!,$850,2019-11-13 18:36,Yes,"['condition: like new', 'make / manufacturer: Apple', 'model name / number: iPhone XS Max', 'size / dimensions: 6.22"" x 3.06"" x 0.32""']",post id: 7019674393,False,32.857700,-117.211500
166,********LIKE NEW MOPHIE JUICE PACK HELIUM IPHONE 5/5S********,$75,2019-11-13 08:38,Yes,"['condition: like new', 'make / manufacturer: Mophie', 'mobile OS: apple iOS', 'model name / number: Juice Pack Helium']",post id: 6999563823,False,33.095400,-117.261900
167,üíóCheapest in Town iPhone & Samsung Screen Repair & Used Phones Sellüíó,$25,2019-11-13 08:26,Yes,"['condition: like new', 'make / manufacturer: Apple / Samsung', 'mobile OS: apple iOS', 'model name / number: All iPhone & Samsung Models']",post id: 7019256925,False,32.829941,-117.151719
168,üíóCheapest in Town iPhone & Samsung Screen Repair & Used Phones Sellüíó,$25,2019-11-12 08:30,Yes,"['condition: like new', 'make / manufacturer: Apple / Samsung', 'mobile OS: apple iOS', 'model name / number: All iPhone & Samsung Models']",post id: 7018597157,False,32.829941,-117.151719
169,üíóCheapest in Town iPhone & Samsung Screen Repair & Used Phones Sellüíó,$25,2019-11-11 08:25,Yes,"['condition: like new', 'make / manufacturer: Apple / Samsung', 'mobile OS: apple iOS', 'model name / number: All iPhone & Samsung Models']",post id: 7017906591,False,32.829941,-117.151719
170,‚ñá ‚ñáCA$H PAID 4 IPHONE IPAD MACBOOK GALAXY ‚ñá ‚ñá CASH NOW ‚ñá ‚ñá $ ‚ñá ‚ñá,$900,2019-11-10 18:15,Yes,['mobile OS: apple iOS'],post id: 7017655191,False,37.132840,-95.785580
171,‚ñá ‚ñáCA$H PAID 4 IPHONE IPAD MACBOOK GALAXY ‚ñá ‚ñá CASH NOW ‚ñá ‚ñá $ ‚ñá ‚ñá,$900,2019-11-10 17:42,Yes,['mobile OS: apple iOS'],post id: 7017640938,False,37.132840,-95.785580
172,‚ñá ‚ñáCA$H PAID 4 IPHONE IPAD MACBOOK GALAXY ‚ñá ‚ñá CASH NOW ‚ñá ‚ñá $ ‚ñá ‚ñá,$900,2019-11-10 16:08,Yes,['mobile OS: apple iOS'],post id: 7017599202,False,37.132840,-95.785580
173,‚ñá ‚ñáCA$H PAID 4 IPHONE IPAD MACBOOK GALAXY ‚ñá ‚ñá CASH NOW ‚ñá ‚ñá $ ‚ñá ‚ñá,$900,2019-11-09 17:56,Yes,['mobile OS: apple iOS'],post id: 7017115441,False,37.132840,-95.785580
174,‚ñá ‚ñáCA$H PAID 4 IPHONE IPAD MACBOOK GALAXY ‚ñá ‚ñá CASH NOW ‚ñá ‚ñá $ ‚ñá ‚ñá,$900,2019-11-09 17:29,Yes,['mobile OS: apple iOS'],post id: 7017105767,False,37.132840,-95.785580
175,‚ñá ‚ñáCA$H PAID 4 IPHONE IPAD MACBOOK GALAXY ‚ñá ‚ñá CASH NOW ‚ñá ‚ñá $ ‚ñá ‚ñá,$900,2019-11-09 16:11,Yes,['mobile OS: apple iOS'],post id: 7017072096,False,37.132840,-95.785580
176,‚ñá ‚ñáCA$H PAID 4 IPHONE IPAD MACBOOK GALAXY ‚ñá ‚ñá CASH NOW ‚ñá ‚ñá $ ‚ñá ‚ñá,$900,2019-11-09 15:23,Yes,['mobile OS: apple iOS'],post id: 7017049062,False,37.132840,-95.785580
177,‚ñá ‚ñáCA$H PAID 4 IPHONE IPAD MACBOOK GALAXY ‚ñá ‚ñá CASH NOW ‚ñá ‚ñá $ ‚ñá ‚ñá,$999,2019-11-08 13:50,Yes,['mobile OS: apple iOS'],post id: 7016351182,False,32.779109,-117.176697
178,‚ñá ‚ñáCA$H PAID 4 IPHONE IPAD MACBOOK GALAXY ‚ñá ‚ñá CASH NOW ‚ñá ‚ñá $ ‚ñá ‚ñá,$999,2019-11-08 13:41,Yes,['\n\nmore ads  by this user        \n'],post id: 7016344306,False,32.779109,-117.176697
179,Apple iPhone Back Glass Only Repair,$1,2019-11-08 09:50,Yes,"['condition: like new', 'mobile OS: apple iOS']",post id: 7016150847,True,32.833126,-117.150567
180,Apple iPhone Back Glass Only Repair,$1,2019-11-08 09:51,Yes,"['condition: like new', 'mobile OS: apple iOS']",post id: 7016152203,True,32.833126,-117.150567
181,Atosa USA ATFS-50 Heavy Duty 50 LB Stainless Steel Deep Fryer,$996,2019-11-07 18:16,Yes,"['condition: new', 'delivery available', 'make / manufacturer: Atosa', 'model name / number: 44.4 x 15.6 x 30.1']",post id: 7015824423,True,0,0
182,Apple iPhone Back Glass Only Repair,$1,2019-11-05 07:19,Yes,"['condition: like new', 'mobile OS: apple iOS']",post id: 7014021155,True,32.833126,-117.150567
183,"Compact STEREO SYSTEM, Receiver with CD & Speakers",$100,2019-11-19 17:00,Yes,"['condition: excellent', 'make / manufacturer: Sharp', 'model name / number: SL-HF201P']",post id: 7015183594,False,33.198238,-117.259239
184,Soundstream VRN-65HB Navigation receiver,$149,2019-11-19 15:05,Yes,"['make / manufacturer: car audio car stereo car alarm', 'model name / number: car audio car stereo car alarm', 'size / dimensions: car audio car stereo car audio']",post id: 7023386594,True,32.575300,-117.070700
185,Soundstream VRN-65HB Navigation receiver,$149,2019-11-19 15:04,Yes,"['make / manufacturer: car audio car stereo car alarm', 'model name / number: car audio car stereo car alarm', 'size / dimensions: car audio car stereo car audio']",post id: 7005460564,True,32.575300,-117.070700
186,Soundstream VRN-65HB Navigation receiver,$149,2019-11-19 15:04,Yes,"['make / manufacturer: car audio car stereo car alarm', 'model name / number: car audio car stereo car alarm', 'size / dimensions: car audio car stereo car audio']",post id: 7006196751,True,32.575300,-117.070700
187,Soundstream VRN-65HB Navigation receiver,$149,2019-11-19 15:03,Yes,"['make / manufacturer: car audio car stereo car alarm', 'model name / number: car audio car stereo car alarm', 'size / dimensions: car audio car stereo car audio']",post id: 7006258556,True,32.575300,-117.070700
188,Soundstream VRN-65HB Navigation receiver,$149,2019-11-19 15:04,Yes,"['make / manufacturer: car audio car stereo car alarm', 'model name / number: car audio car stereo car alarm', 'size / dimensions: car audio car stereo car audio']",post id: 7006368299,True,32.575300,-117.070700
189,Soundstream VRN-65HB Navigation receiver,$149,2019-11-19 15:04,Yes,"['make / manufacturer: car audio car stereo car alarm', 'model name / number: car audio car stereo car alarm', 'size / dimensions: car audio car stereo car audio']",post id: 7006369285,True,32.575300,-117.070700
190,Soundstream VRN-65HB Navigation receiver,$149,2019-11-19 15:04,Yes,"['make / manufacturer: car audio car stereo car alarm', 'model name / number: car audio car stereo car alarm', 'size / dimensions: car audio car stereo car audio']",post id: 7006952956,True,32.575300,-117.070700
191,Soundstream VRN-65HB Navigation receiver,$149,2019-11-19 15:03,Yes,"['make / manufacturer: car audio car stereo car alarm', 'model name / number: car audio car stereo car alarm', 'size / dimensions: car audio car stereo car audio']",post id: 7009616079,True,32.575300,-117.070700
192,Soundstream VRN-65HB Navigation receiver,$149,2019-11-19 15:03,Yes,"['make / manufacturer: car audio car stereo car alarm', 'model name / number: car audio car stereo car alarm', 'size / dimensions: car audio car stereo car audio']",post id: 7009826765,True,32.575300,-117.070700
193,Soundstream VRN-65HB Navigation receiver,$149,2019-11-19 15:03,Yes,"['make / manufacturer: car audio car stereo car alarm', 'model name / number: car audio car stereo car alarm', 'size / dimensions: car audio car stereo car audio']",post id: 7010201371,True,32.575300,-117.070700
194,Soundstream VRN-65HB Navigation receiver,$149,2019-11-19 15:03,Yes,"['make / manufacturer: car audio car stereo car alarm', 'model name / number: car audio car stereo car alarm', 'size / dimensions: car audio car stereo car audio']",post id: 7010202422,True,32.575300,-117.070700
195,Soundstream VRN-65HB Navigation receiver,$149,2019-11-19 15:04,Yes,"['make / manufacturer: car audio car stereo car alarm', 'model name / number: car audio car stereo car alarm', 'size / dimensions: car audio car stereo car audio']",post id: 7016182827,True,32.575300,-117.070700
196,Soundstream VRN-65HB Navigation receiver,$149,2019-11-19 15:03,Yes,"['make / manufacturer: car audio car stereo car alarm', 'model name / number: car audio car stereo car alarm', 'size / dimensions: car audio car stereo car audio']",post id: 7019420415,True,32.575300,-117.070700
197,Soundstream VRN-65HB Navigation receiver,$149,2019-11-19 15:04,Yes,"['make / manufacturer: car audio car stereo car alarm', 'model name / number: car audio car stereo car alarm', 'size / dimensions: car audio car stereo car audio']",post id: 7019431028,True,32.575300,-117.070700
198,Soundstream VRN-65HB Navigation receiver,$149,2019-11-19 15:04,Yes,"['make / manufacturer: car audio car stereo car alarm', 'model name / number: car audio car stereo car alarm', 'size / dimensions: car audio car stereo car audio']",post id: 7023385511,True,32.575300,-117.070700
199,Soundstream VRN-65HB Navigation receiver,$149,2019-11-19 15:03,Yes,"['make / manufacturer: car audio car stereo car alarm', 'model name / number: car audio car stereo car alarm', 'size / dimensions: car audio car stereo car audio']",post id: 7006368657,True,32.575300,-117.070700
200,Soundstream VRN-65HB Navigation receiver,$149,2019-11-19 15:03,Yes,"['make / manufacturer: car audio car stereo car alarm', 'model name / number: car audio car stereo car alarm', 'size / dimensions: car audio car stereo car audio']",post id: 7006389914,True,32.575300,-117.070700
201,Soundstream VRN-65HB Navigation receiver,$149,2019-11-19 15:03,Yes,"['make / manufacturer: car audio car stereo car alarm', 'model name / number: car audio car stereo car alarm', 'size / dimensions: car audio car stereo car audio']",post id: 7006420403,True,32.575300,-117.070700
202,Soundstream VRN-65HB Navigation receiver,$149,2019-11-19 15:03,Yes,"['make / manufacturer: car audio car stereo car alarm', 'model name / number: car audio car stereo car alarm', 'size / dimensions: car audio car stereo car audio']",post id: 7009492298,True,32.575300,-117.070700
203,Soundstream VRN-65HB Navigation receiver,$149,2019-11-19 15:03,Yes,"['make / manufacturer: car audio car stereo car alarm', 'model name / number: car audio car stereo car alarm', 'size / dimensions: car audio car stereo car audio']",post id: 7010202784,True,32.575300,-117.070700
204,Soundstream VRN-65HB Navigation receiver,$149,2019-11-19 15:03,Yes,"['make / manufacturer: car audio car stereo car alarm', 'model name / number: car audio car stereo car alarm', 'size / dimensions: car audio car stereo car audio']",post id: 7013601106,True,32.575300,-117.070700
205,Firm Price! Brand New Backpack with Charging Port & Security Lock,$40,2019-11-19 14:08,Yes,['condition: new'],post id: 7023330002,False,32.745400,-117.127200
206,Apple Lightning Digital AV Adapter HDMI,$29,2019-11-19 13:26,Yes,"['condition: good', 'make / manufacturer: Apple']",post id: 7023318261,False,32.718500,-117.159300
207,Pioneer AVHX5700BHS Double-DIN DVD Receiver with 7-Inch Display,$100,2019-11-19 12:01,Yes,"['condition: excellent', 'make / manufacturer: Pioneer', 'model name / number: AVHX5700BHS']",post id: 7020236187,True,32.742300,-117.094700
208,BEST 548 EBike *Top Reviewed* $34/mo. or,$1289,2019-11-19 11:43,Yes,"['bicycle frame material: aluminum', 'bicycle type: folding', 'condition: new', 'frame size: 20 inch', 'make / manufacturer: BEST', 'wheel size: 20 in']",post id: 7020244889,True,33.521700,-117.128600
209,Soundstream VRN-65HB Navigation receiver,$149,2019-11-19 11:19,Yes,"['make / manufacturer: car audio car stereo car alarm', 'model name / number: car audio car stereo car alarm', 'size / dimensions: car audio car stereo car audio']",post id: 7006389649,True,32.575300,-117.070700
210,Soundstream VRN-65HB Navigation receiver,$149,2019-11-19 11:19,Yes,"['make / manufacturer: car audio car stereo car alarm', 'model name / number: car audio car stereo car alarm', 'size / dimensions: car audio car stereo car audio']",post id: 7018275005,True,32.575300,-117.070700
211,Soundstream VRN-65HB Navigation receiver,$149,2019-11-19 11:20,Yes,"['make / manufacturer: car audio car stereo car alarm', 'model name / number: car audio car stereo car alarm', 'size / dimensions: car audio car stereo car audio']",post id: 7018275594,True,32.575300,-117.070700
212,Soundstream VRN-65HB Navigation receiver,$149,2019-11-19 11:20,Yes,"['make / manufacturer: car audio car stereo car alarm', 'model name / number: car audio car stereo car alarm', 'size / dimensions: car audio car stereo car audio']",post id: 7018275883,True,32.575300,-117.070700
213,Soundstream VRN-65HB Navigation receiver,$149,2019-11-19 11:20,Yes,"['make / manufacturer: car audio car stereo car alarm', 'model name / number: car audio car stereo car alarm', 'size / dimensions: car audio car stereo car audio']",post id: 7018290815,True,32.575300,-117.070700
214,Soundstream VRN-65HB Navigation receiver,$149,2019-11-19 11:20,Yes,"['make / manufacturer: car audio car stereo car alarm', 'model name / number: car audio car stereo car alarm', 'size / dimensions: car audio car stereo car audio']",post id: 7020652716,True,32.575300,-117.070700
215,Soundstream VRN-65HB Navigation receiver,$149,2019-11-19 11:19,Yes,"['make / manufacturer: car audio car stereo car alarm', 'model name / number: car audio car stereo car alarm', 'size / dimensions: car audio car stereo car audio']",post id: 7006213862,True,32.575300,-117.070700
216,Soundstream VRN-65HB Navigation receiver,$149,2019-11-19 11:19,Yes,"['make / manufacturer: car audio car stereo car alarm', 'model name / number: car audio car stereo car alarm', 'size / dimensions: car audio car stereo car audio']",post id: 7006369446,True,32.575300,-117.070700
217,Soundstream VRN-65HB Navigation receiver,$149,2019-11-19 11:19,Yes,"['make / manufacturer: car audio car stereo car alarm', 'model name / number: car audio car stereo car alarm', 'size / dimensions: car audio car stereo car audio']",post id: 7006389127,True,32.575300,-117.070700
218,Soundstream VRN-65HB Navigation receiver,$149,2019-11-19 11:19,Yes,"['make / manufacturer: car audio car stereo car alarm', 'model name / number: car audio car stereo car alarm', 'size / dimensions: car audio car stereo car audio']",post id: 7007537904,True,32.575300,-117.070700
219,Camp Chef Woodwind SG 24 Pellet Grill Smoker w/ Searbox Traeger,$600,2019-11-19 10:49,Yes,['condition: new'],post id: 7023167787,True,33.710200,-117.950300
220,LAX Gadgets Universal Phone Ring Holder Stand 360‚Ä¢ NEW OBO,$4,2019-11-19 09:52,Yes,"['condition: new', 'make / manufacturer: LAX Gadgets', 'mobile OS: apple iOS', 'size / dimensions: 1.75""H x 1.25""W x 0.20""L']",post id: 7023108602,False,32.916100,-117.140200
221,5-10   Watermark Wardo BS,$200,2019-11-19 05:59,Yes,"['condition: like new', 'make / manufacturer: Watermark', 'model name / number: WARDO BS']",post id: 7015990480,True,33.198680,-117.379593
222,5-8 Watermark Twin Fish - Brand New,$400,2019-11-19 05:59,Yes,"['condition: new', 'make / manufacturer: Watermark']",post id: 7015990730,True,33.207200,-117.357300
223,Channel Islands Surfboard Fred Rubble,$200,2019-11-19 05:46,Yes,[],post id: 7020467819,True,32.803600,-117.026100
224,iPhone Repair Near me ( Payless Wireless ),$0,2019-11-04 10:17,Yes,['mobile OS: android'],post id: 7013453792,True,32.760700,-117.072100
225,Cables USB,$10,2019-11-18 22:58,Yes,[],post id: 7005104553,False,32.718500,-117.159300
226,"Mid 2016 MacBook Pro 13‚Äù TouchBar,  512GB SSD, Apple Care until 6/2020, Final ",$1100,2019-11-18 22:46,Yes,[],post id: 7017167176,False,33.525330,-117.154331
227,"Mid 2015 MacBook Pro 15‚Äù, 512 SSD, AMD Radeon R9 M370X Graphics Card, Final Cu",$1100,2019-11-18 22:46,Yes,[],post id: 7017168883,False,33.525330,-117.154331
228,Psychedelic surfboard,$325,2019-11-18 18:31,Yes,[],post id: 7022822567,True,32.776998,-117.004395
229,6'2 Mini-Log Shaped by Ponto 4+1 Fin Setup,$520,2019-11-18 18:06,Yes,"['condition: new', 'make / manufacturer: Ponto Surfboards', 'model name / number: Mini-VACAY', 'size / dimensions: 6\'2""x 22.25""x 2.63""-41.1L']",post id: 7022812229,False,33.207200,-117.357300
230,Brand New Ponto 6'6 4+1 Future Fins,$550,2019-11-18 17:58,Yes,"['condition: new', 'make / manufacturer: Ponto Surfboards', 'model name / number: Mini-VACAY', 'size / dimensions: 6\'6""x 22.25""x 2.88""-47.5L']",post id: 7022814461,False,33.207200,-117.357300
231,"NEW SURFBOARD! Ponto Shaped 6'10 ""Speed Egg""",$500,2019-11-18 17:43,Yes,"['condition: new', 'make / manufacturer: Ponto Surfboards', 'model name / number: Speed Egg', 'size / dimensions: Ponto 6\'10""x 21.5""x 2.5""-35.5L']",post id: 7022807597,False,33.207200,-117.357300
232,"5'11"" Twin Fish Shaped by Hack",$500,2019-11-18 17:41,Yes,"['condition: new', 'make / manufacturer: Hack Surfboards', 'model name / number: Classic', 'size / dimensions: 5\'11""x 21.5""x 2.25""-36.9L']",post id: 7022794651,False,33.207200,-117.357300
233,6'0 Twin Fish Shaped by Hack,$500,2019-11-18 17:32,Yes,"['condition: new', 'make / manufacturer: Hack Surfboards', 'model name / number: Classic', 'size / dimensions: 6\'0""x 21.5""x 2.25""-36.9L']",post id: 7022796216,False,33.207200,-117.357300
234,"5'10 Hack Surfboard ""Runner"" 5 Fin",$500,2019-11-18 17:22,Yes,"['condition: new', 'make / manufacturer: Hack Surfboards', 'model name / number: Runner', 'size / dimensions: 5\'10""x 20.25""x 2.5""-34.5L']",post id: 7022797488,False,33.207200,-117.357300
235,Hack 6'1 Surfboard 5 Fin Future Setup,$500,2019-11-18 17:23,Yes,"['condition: new', 'make / manufacturer: Hack Surfboards', 'model name / number: Runner', 'size / dimensions: 6\'1""x 21""x 2.56""-38.1L']",post id: 7022797945,False,33.207200,-117.357300
236,"New! 6'8 Hack ""Roller"" 5 Fin Diamond Tail",$560,2019-11-18 17:24,Yes,"['condition: new', 'make / manufacturer: Hack Surfboards', 'model name / number: Roller', 'size / dimensions: 6\'8""x 22""x 2.75""-48L']",post id: 7022798202,False,33.207200,-117.357300
237,Unique Surfboard! Ponto 5'10 Quad Right/Twin Left Asymmetrical Tail,$560,2019-11-18 17:21,Yes,"['condition: new', 'make / manufacturer: Ponto Surfboards', 'model name / number: Maiden', 'size / dimensions: 5\'10""x 19.75""x 2.31""-29.5L']",post id: 7022791750,False,33.207200,-117.357300
238,"New Hack Surfboard ""Runner"" 6'4 w/5 Fin Future Setup",$500,2019-11-18 17:21,Yes,"['condition: new', 'make / manufacturer: Hack Surfboards', 'model name / number: Runner', 'size / dimensions: 6\'4""x 21.75""x 2.63""-42.7L']",post id: 7022796781,False,33.207200,-117.357300
239,7'0 High Gloss Single Fin Surfboard Shaped by Ponto,$800,2019-11-18 17:13,Yes,"['condition: new', 'make / manufacturer: Ponto Surfboards', 'model name / number: Ranger', 'size / dimensions: 7\'0""x 21.75""x 2.75""-48.3L']",post id: 7022792984,False,33.207200,-117.357300
