,Item ID,Title,Price,Condition,Description,Number_of_pictures,Delivery,Shipping,Distance,Ship_Location,Ship_Price,Location,City,State,Time
0,783947779,iPhone case Xs/s,7,Open box (never used),No description. Ask seller for more details,1,Local pickup (17 miles away),No shipping INFO!,17.0,,,"San Diego, CA",San Diego, CA,1 minute 
1,783945172,I phone 7+,350,Used (normal wear),iPhone 7+  unlocked minor dent asking 350 lowest 300 hmu no trade,4,No delivery INFO!,"Ships from Fresno, CA for $7",,"Fresno, CA",7,"Fresno, CA",Fresno, CA,6 minutes 
2,780807056,iPhone 7Plus 128 GB,275,Used (normal wear),No description. Ask seller for more details,2,Local pickup (12 miles away),No shipping INFO!,12.0,,,"San Diego, CA",San Diego, CA,5 days 
3,783947735,Wireless EarPods i7S WHITE,10,New (never used),**BRAND NEW**Bluetooth Pairing to both iPhone & Android Devices. Charging Case & Cable Included. WHITE Color.,3,No delivery INFO!,"Ships from Los Angeles, CA for $3",,"Los Angeles, CA",3,"Los Angeles, CA",Los Angeles, CA,1 minute 
4,783923763,Thread Wallet Phone Case,20,New (never used),"New wallet caseiPhone 6+/6s+/7+/8+Never opened, bought wrong size and missed the return windowOriginally $35",1,Local pickup (5 miles away),No shipping INFO!,5.0,,,"San Diego, CA",San Diego, CA,45 minutes 
5,783921921,iPhone 6s 64gb AT&T or Cricket,225,Used (normal wear),"For sale iPhone 6s 64gb AT&T or CricketBox, charger and case included, iCloud was signed off, updating to the newest iOS and ready for activation for new useriPhone 6s was original purchase with AT&T and switched to Cricket (my previous carrier)Best offersBox, charger, LifeProof case included ",3,Local pickup (24 miles away),No shipping INFO!,24.0,,,"Vista, CA",Vista, CA,49 minutes 
6,783915975,iPhone XS Max GOLD ***LOCKED FOR SPRINT ONLY ***,550,Used (normal wear),"Comes with mint green clear rubber caseAS IS (meaning NO BOX, earphones, or charger64gFully unlocked ",3,Local pickup (8 miles away),No shipping INFO!,8.0,,,"San Diego, CA",San Diego, CA,59 minutes 
7,783906660,ALL ORIGINAL BRAND NEW CHARGERS $10 each Cash only,9,Open box (never used),ALL ORIGINAL BRAND NEW CHARGERS $10 Cash only Must pick upiPhone X iPhone XS Max iPhone 8iPhone,2,Local pickup (24 miles away),No shipping INFO!,24.0,,,"Escondido, CA",Escondido, CA,1 hour 
8,783905136,IPHONE 7+ PLUS 32GB UNLOCKED FOR ANY CELLPHONE COMPANY FEEL FREE TO TEST IT OUT BEFORE PURCHASING EVERYTHING WORKSüíØ%üëàüèº,274,Used (normal wear),"BLACK IPHONE 7+ PLUS ‚úÖ  32GB STORAGE ‚úÖ ICLOUD UNLOCKED ‚úÖ CLEAN IMEI‚úÖ UNLOCKED FOR ANY CARRIER ‚úÖ CHARGER ,CELLPHONE CASE INCLUDED. WE CAN MEET AT ANY CELLPHONE STORE VERIFY EVERYTHING WORKS. Cracked lower part of the front screen. Does not effect phone. (Shown on last picture)CASH ONLY NO TRADESLow offers will be ignored.",7,Local pickup (22 miles away),No shipping INFO!,22.0,,,"Escondido, CA",Escondido, CA,1 hour 
9,783895898,iPhone 7,350,Used (normal wear),Brand new !! Comes with earphones ChargerCaseWe can negotiate the price ,1,Local pickup (16 miles away),No shipping INFO!,16.0,,,"National City, CA",National City, CA,1 hour 
10,783889273,iPhone 7 Plus 128GB,280,Used (normal wear),"Price is Firm üëàüèªüëàüèªüëàüèªüëàüèªüëàüèª NO SHIPPINGPlease read the entire ad as most of your questions are answered below. Unlocked for all GSM carriers: AT&T, CricKet, T-Mobile, Metro PCS, Simple Mobile, Telcel, Obama sims, Straight Talk, Tracfone, overseas etc. Clean IMEIiPhone 7 Plus - 128GB - Rose Gold ColorTiny crack on screen in upper left hand corner. It‚Äôs only cosmetic and doesn‚Äôt go over the visible part of the screen. All functions work great with no problems. Bring your SIM card and make a test call!Reset Back to Factory Settings. There is NO iCloud lock or any activation lock. It‚Äôs fully wiped and ready for you to use the phone. Price is Firm üëàüèªüëàüèªüëàüèªüëàüèªüëàüèªI consider trades for other Apple Products (iPhone / iPad / MacBook / Watch). Tell me the model, carrier, GB, condition. I accept cracked iPhones. AND HOW MUCH YOU WANT IN TRADE FOR IT.",4,Local pickup (9 miles away),No shipping INFO!,9.0,,,"San Diego, CA",San Diego, CA,1 hour 
11,783883554,iPhone 7 plus gold 32 gb unlocked,349,Used (normal wear),"Mint Condition Works With any AT&T , Tmobile, Verizon, Cricket, Metro Network and Overseas.We have in stock, iPhone 6 - $150  | iPhone 7 - $249  | iPhone 7 Plus - $349iPhone 8 - $349  | iPhone 8 Plus - $449 Samsung S8 - $249 |   S8 Plus - $349Samsung S9 - $349 |   S9 Plus  - $399Samsung Note 8 - $349  |  Note 9 - $449 Comes with warranty Call us or stop by ¬†Our store address :Payless Wireless6074 EL Cajon Blvd¬†San Diego, CA - 92115",10,Local pickup (14 miles away),No shipping INFO!,14.0,,,"San Diego, CA",San Diego, CA,1 hour 
12,783943460,8 Plus Unlocked,0,Used (normal wear),Iphone 8 plus. Its like new. The phone has no cracks. Its like new. It carries 256 gbs. Trading this phone for a Iphone x or iphone xs max.,2,Local pickup (12 miles away),No shipping INFO!,12.0,,,"San Diego, CA",San Diego, CA,10 minutes 
13,783931732,Tempered Glass Screen Protectors iPhone X,10,Open box (never used),Or best offer,2,Local pickup (12 miles away),No shipping INFO!,12.0,,,"San Diego, CA",San Diego, CA,31 minutes 
14,783928005,iPhone 7 Plus,250,Used (normal wear),Works great No iCloud Sprint Has crack on screen but not lcd damage but still works like new 250$,2,Local pickup (19 miles away),No shipping INFO!,19.0,,,"La Mesa, CA",La Mesa, CA,38 minutes 
15,783132628,Google Pixel 3A (64 Gig),250,Used (normal wear),"Google Pixel 3A (64 Gig) unlocked, purple-ish color. Purchased in June of 2019 and lightly used for 5 months. Perfectly functional, I just prefer iPhone. ",1,Local pickup (20 miles away),No shipping INFO!,20.0,,,"Chula Vista, CA",Chula Vista, CA,44 minutes 
16,783922852,Like new iPhone 8Plus 64Gb. Unlock.,450,Used (normal wear),Like new.iPhone 8Plus64Gb. With charger. ,6,Local pickup (20 miles away),No shipping INFO!,20.0,,,"Chula Vista, CA",Chula Vista, CA,47 minutes 
17,510080924,Otter box for iPhone X,30,Open box (never used),Put it on my phone said naw thx. Lol just selling. ,3,Local pickup (10 miles away),No shipping INFO!,10.0,,,"San Diego, CA",San Diego, CA,1 year 
18,783943410,IPHONE 6 64GB GOLD unlocked PLZ READ !!,80,For Parts,Selling this phone been reset and screen deemed and not responding to touch.. so am selling as is for parts or repair IPHONE 6 64GB GOLD unlocked Asking $80 firm pickup in NE Tacoma ,4,No delivery INFO!,"Ships from Tacoma, WA for $7",,"Tacoma, WA",7,"Tacoma, WA",Tacoma, WA,10 minutes 
19,783906488,iPhone X (2) glass screen protector,20,New (never used),Never used brand new. ,3,Local pickup (11 miles away),No shipping INFO!,11.0,,,"San Diego, CA",San Diego, CA,1 hour 
20,783903137,IPhone 7 32gb for T-Mobile,250,Used (normal wear),Always cased No scratches Only for T-Mobile. ,4,Local pickup (25 miles away),No shipping INFO!,25.0,,,"Chula Vista, CA",Chula Vista, CA,1 hour 
21,783897462,iPhone 7 Plus,200,Used (normal wear),For sprint and boost mobile iPhone 7 Plus 32gbHas some scratches on screen like showed in pictures Everything works great,5,Local pickup (18 miles away),No shipping INFO!,18.0,,,"National City, CA",National City, CA,1 hour 
22,783895576,Iphone 7 plus rose gold,160,Used (normal wear),Really good conditionUnlocked for all carriers128gb,3,Local pickup (22 miles away),No shipping INFO!,22.0,,,"Escondido, CA",Escondido, CA,1 hour 
23,783888686,iPhone XS Max,580,Used (normal wear),"Price is Firm üëàüèªüëàüèªüëàüèªüëàüèªüëàüèª NO SHIPPINGPlease read the entire ad as most of your questions are answered below. Works on Verizon Network OnlyiPhone XS Max - 64GB - Gold ColorWorks good, good condition Bring your SIM card and make a test call!Reset Back to Factory Settings. There is NO iCloud lock or any activation lock. It‚Äôs fully wiped and ready for you to use the phone. Price is Firm üëàüèªüëàüèªüëàüèªüëàüèªüëàüèªI consider trades for other Apple Products (iPhone / iPad / MacBook / Watch). Tell me the model, carrier, GB, condition. I accept cracked iPhones. AND HOW MUCH YOU WANT IN TRADE FOR IT.",4,Local pickup (10 miles away),No shipping INFO!,10.0,,,"San Diego, CA",San Diego, CA,1 hour 
24,783882934,Samsung galaxy S9 unlocked,349,Used (normal wear),"Mint Condition Works With any AT&T , Tmobile, Verizon, Cricket, Metro Network and Overseas.We have in stock, iPhone 6 - $150  | iPhone 7 - $249  | iPhone 7 Plus - $349iPhone 8 - $349  | iPhone 8 Plus - $449 Samsung S8 - $249 |   S8 Plus - $349Samsung S9 - $349 |   S9 Plus  - $399Samsung Note 8 - $349  |  Note 9 - $449 Comes with warranty Call us or stop by ¬†Our store address :Payless Wireless6074 EL Cajon Blvd¬†San Diego, CA - 92115",11,Local pickup (14 miles away),No shipping INFO!,14.0,,,"San Diego, CA",San Diego, CA,1 hour 
25,777092263,iPhone X | 256GB | AT&T,530,Used (normal wear),"I upgraded to the iPhone 11 so I have no use for this!It has light wear on the sides and back glass, but other than that, the phone works PERFECT!(Charger included)",4,Local pickup (20 miles away),No shipping INFO!,20.0,,,"Chula Vista, CA",Chula Vista, CA,1 week 
26,783934254,iPhone 8,350,Used (normal wear),"In great condition! No iCloud lock64gbWorks with ATT & cricket, already paid offPhone works good and is ready to be set up",5,Local pickup (28 miles away),No shipping INFO!,28.0,,,"San Diego, CA",San Diego, CA,26 minutes 
27,783931046,iPhone 8 Plus,400,New (never used),"FOR SALE: $400 firm iPhone 8 Plus 64gb Brand new never used, to everything included in box Unlocked for any carrier",3,Local pickup (23 miles away),No shipping INFO!,23.0,,,"Lakeside, CA",Lakeside, CA,32 minutes 
28,730838171,iPhone 7 PLUS White Screen Replacement,29,New (never used),"üì±iPhone 7 PLUS White Screen Replacement‚†Äüõ† For extra money, we can repair it.üõ† All parts have a 3-month warranty.‚†Äüì£ We have new items for sale, see our profile, thanks.üì£ Also, we have new: screen replacement, batteries, charging ports, cameras, speakers, and home buttons for all:üì± iPhoneüñ• iPad‚åöÔ∏è iWatchüíª MacBook‚†Äüè¢ Our Address: ‚úÖ 7710 Balboa Ave # 223b, 2nd floor, San Diego, CA 92111‚†Äüïí Opening hours:‚úÖ Monday - 10 am to 7 pm‚úÖ Tuesday - 10 am to 7 pm‚úÖ Wednesday - 10 am to 7 pm‚úÖ Thursday - 10 am to 7 pm‚úÖ Friday - 10 am to 7 pm‚úÖ Saturday - 10 am to 7 pm‚úÖ Sunday - We can come over to you (text/call us to set up an appointment).‚†Äüìû Text/call us if you have any questions.‚†Ä‚ùóÔ∏èAll prices and conditions are valid only at the address indicated in this announcement(please ask for Taras).‚ùóÔ∏è Price varies depending on the device model, and part needed.‚†ÄüòâRegards Taras",6,Local pickup (8 miles away),No shipping INFO!,8.0,,,"San Diego, CA",San Diego, CA,3 months 
29,753677711,"iPhone XR Rose Gold marble case MATT,",7,New (never used),"Features & detailsCompatible with Apple iPhone XRMaterial:Thick yet Soft Silicone TPU Rubber Silicone which provides ideal shock absorption during those unfortunate drops.Access to all the controls and features; Perfect cutouts for speakers, camera and other ports,Conveniently to access and remove.Protecting your device from scratches, dust, shock and fingerprint.[Laser Discoloration Technology] This marble siliver chrome design mirror reflection changed color when phone case turning. Also to keep the design beautiful and protectedMaterial: The case is made from Flexible Thermoplastic Polyurethane (TPU) and IMD (In-Mould-Decoration) Technology. Make the Print Vivid and Never Fade",1,Local pickup (13 miles away),No shipping INFO!,13.0,,,"San Diego, CA",San Diego, CA,1 month 
30,783919783,"iPhone & Samsung!! Screen, Unlock, Water damage",1,New (never used),-iPhone & Samsungüì≤ screen fix üîìunlock üíßdamage  & carrier unlock..-All IPhonesAll Samsung‚Äôs-Message for rates,1,Local pickup (24 miles away),No shipping INFO!,24.0,,,"El Cajon, CA",El Cajon, CA,52 minutes 
31,783910396,IPHONE 7 AT&T and Cricket,200,Used (normal wear),Works great perfect condition works for AT&T and cricket ,2,Local pickup (26 miles away),No shipping INFO!,26.0,,,"Chula Vista, CA",Chula Vista, CA,1 hour 
32,783906078,IPHONE 11 BOX EMPTY BOXES ONLY PRICE IS NEGOTIABLE,9,New (never used),IPhone 11 pro IPhone 11 pro max Boxes only Price is negotiable ,3,Local pickup (23 miles away),No shipping INFO!,23.0,,,"Escondido, CA",Escondido, CA,1 hour 
33,783901958,iPhone 7 unlocked,157,New (never used),Very gently used it was my grandmas always had a case on it NO DENTSNO SCRATCHESNO ISSUES SELLING BECAUSE SHE GOT AN 11 Comes with box IF THE AD IS UP IT IS STILL AVAILABLE DONT ASK PRICE IS FIRM NO SCAMS!,3,Local pickup (11 miles away),Ships for $7,11.0,,7,"San Diego, CA",San Diego, CA,1 hour 
34,783862158,iPhone 11 red 64gb / Verizon only,620,Open box (never used),No contract 64gbNewRedNo low buyers,2,Local pickup (26 miles away),No shipping INFO!,26.0,,,"San Diego, CA",San Diego, CA,1 hour 
35,783890383,iPhone X 256GB,525,Used (normal wear),"Price is Firm üëàüèªüëàüèªüëàüèªüëàüèªüëàüèª NO SHIPPINGPlease read the entire ad as most of your questions are answered below. Works for: AT&T & CricKet Networks iPhone X - 256GB - Silver ColorGood Condition. Has a screen protector installed. Everything works great. Bring your SIM card and make a test call!Reset Back to Factory Settings. There is NO iCloud lock or any activation lock. It‚Äôs fully wiped and ready for you to use the phone. Price is Firm üëàüèªüëàüèªüëàüèªüëàüèªüëàüèªI consider trades for other Apple Products (iPhone / iPad / MacBook / Watch). Tell me the model, carrier, GB, condition. I accept cracked iPhones. AND HOW MUCH YOU WANT IN TRADE FOR IT.",4,Local pickup (11 miles away),No shipping INFO!,11.0,,,"San Diego, CA",San Diego, CA,1 hour 
36,783884299,Payless Wireless - Holiday Sale,1,Used (normal wear),"We have in stock, iPhone 6 - $150  | iPhone 7 - $249  | iPhone 7 Plus - $349iPhone 8 - $349  | iPhone 8 Plus - $449 Samsung S8 - $249 |   S8 Plus - $349Samsung S9 - $349 |   S9 Plus  - $399Samsung Note 8 - $349  |  Note 9 - $449 Comes with warranty Call us or stop by ¬†Our store address :Payless Wireless6074 EL Cajon Blvd¬†San Diego, CA - 92115",1,Local pickup (14 miles away),No shipping INFO!,14.0,,,"San Diego, CA",San Diego, CA,1 hour 
37,783939717,Cell phone gimbal,110,Used (normal wear)," It is compatible with a range of different sized smart devices from a GoPro to the iPhone Plus. Capture stabilized, free-floating shots It features a motorized three-axis gimbal and a 6-axis IMU (Inertial Measurement Unit) designed to keep your phone level and isolated from shakes and jitters.",3,Local pickup (13 miles away),No shipping INFO!,13.0,,,"San Diego, CA",San Diego, CA,17 minutes 
38,783935774,"iPhone X 64gb, near perfect condition",400,Used (normal wear),"Used only a couple months. Like new condition, no scratches or damage. Was w9th Verizon, but I'm pretty sure it works with any carrier. Selling for $400. This is the cheapest price for an iPhone X on Offer Up!",3,Local pickup (19 miles away),No shipping INFO!,19.0,,,"El Cajon, CA",El Cajon, CA,24 minutes 
39,783928886,Iphone x t mobile,400,Used (normal wear),"The problem is that the face id is not working for some reason, but it can get fix easily.",4,Local pickup (19 miles away),No shipping INFO!,19.0,,,"El Cajon, CA",El Cajon, CA,36 minutes 
40,783925297,TONIGHT ONLY! AT&T / Cricket iPhone 8 Plus 64GB Gold,350,Used (normal wear),"Price is firm. today only. leaving town tonight for 3 weeks. Will lower the price ONLY if you have another iphone for partial trade. AT&T / Cricket iPhone 8 Plus 64GB Gold.üì±AT&Tüì±Cricketüì±StraightTalkPaid off and will be unlocked within 48 hours.Fully functional. Bring your SIM card, make a test call, and test all the features before buying.must meet at san diego airport. ",2,Local pickup (12 miles away),No shipping INFO!,12.0,,,"San Diego, CA",San Diego, CA,42 minutes 
41,783921998,iPhone 6 OBO,150,Used (normal wear),Unlocked Only used for few weeks 64 Gb of storage OBO ,2,Local pickup (20 miles away),No shipping INFO!,20.0,,,"Chula Vista, CA",Chula Vista, CA,48 minutes 
42,783338090,IPhone 6+ WONT TURN ON,30,Used (normal wear),After a battery replacement it wouldn‚Äôt turn on,3,Local pickup (26 miles away),No shipping INFO!,26.0,,,"Escondido, CA",Escondido, CA,55 minutes 
43,783908387,iPhone X,300,Open box (never used),Phones in perfect condition. Phone is locked. Serious buyers only. Comes with screen protector and an otter box. Please don‚Äôt contact me for low ballers. I will ignore.,3,Local pickup (13 miles away),No shipping INFO!,13.0,,,"San Diego, CA",San Diego, CA,1 hour 
44,783905576,IPHONE X XS MOPHIE JUICE PACK CELLPHONE CASE WIRELESS CHARGING - BLACK,29,Open box (never used),Extend the life of your phone up to a total of 30 hours with the push of a button.‚úÖ WIRELESS CHARGING‚úÖ HIGH IMPACT PROTECTION CASE$50 each or best offerNever fuss with cables again. juice pack air battery case is compatible with Qi and other wireless systems and maintains your phone‚Äôs wireless functionality with virtually any charging pad. Cash only no trades Low offers will be ignored,4,Local pickup (25 miles away),No shipping INFO!,25.0,,,"Escondido, CA",Escondido, CA,1 hour 
45,783901116,iPhone 7- $150 firm,150,Used (normal wear),Selling iPhone 7.  Has a slight cracked screen for $150 firm,2,Local pickup (12 miles away),No shipping INFO!,12.0,,,"San Diego, CA",San Diego, CA,1 hour 
46,783896520,Red IPhone 8 64 gb T-Mobile,300,Used (normal wear),Red IPhone 8 64 gb Always casedNo scratches Only for T-Mobile,4,Local pickup (25 miles away),No shipping INFO!,25.0,,,"San Diego, CA",San Diego, CA,1 hour 
47,783895345,Note 9 unlocked 128gb blue excellent condition,449,Used (normal wear),"Mint Condition Works With any AT&T , Tmobile, Verizon, Cricket, Metro Network and Overseas.We have in stock, iPhone 6 - $150  | iPhone 7 - $249  | iPhone 7 Plus - $349iPhone 8 - $349  | iPhone 8 Plus - $449 Samsung S8 - $249 |   S8 Plus - $349Samsung S9 - $349 |   S9 Plus  - $399Samsung Note 8 - $349  |  Note 9 - $449 Comes with warranty Call us or stop by ¬†Our store address :Payless Wireless6074 EL Cajon Blvd¬†San Diego, CA - 92115",7,Local pickup (14 miles away),No shipping INFO!,14.0,,,"San Diego, CA",San Diego, CA,1 hour 
48,783887465,VERIZON IPHONE X 64GB,500,Used (normal wear),"Like new iphone x, bought the iphone pro so no longer need this one! Zero scratches always had a case on it 64gbVerizonPick up only",4,Local pickup (6 miles away),No shipping INFO!,6.0,,,"San Diego, CA",San Diego, CA,1 hour 
49,783882272,iPhone 8,180,Used (normal wear),iphone 64gbcrack on both sides OBOSprint LockedPaid off ,4,Local pickup (14 miles away),No shipping INFO!,14.0,,,"San Diego, CA",San Diego, CA,1 hour 
50,783881700,Samsung galaxy S8 unlocked black,249,Used (normal wear),"Mint Condition Works With any AT&T , Tmobile, Verizon, Cricket, Metro Network and Overseas.We have in stock, iPhone 6 - $150  | iPhone 7 - $249  | iPhone 7 Plus - $349iPhone 8 - $349  | iPhone 8 Plus - $449 Samsung S8 - $249 |   S8 Plus - $349Samsung S9 - $349 |   S9 Plus  - $399Samsung Note 8 - $349  |  Note 9 - $449 Comes with warranty Call us or stop by ¬†Our store address :Payless Wireless6074 EL Cajon Blvd¬†San Diego, CA - 92115",11,Local pickup (14 miles away),No shipping INFO!,14.0,,,"San Diego, CA",San Diego, CA,1 hour 
51,783877040,iPhone 8 Plus SCREEN ONLY,75,Open box (never used),iPhone 8 Plus Screen includes- Front Glass Digitizer Panel- 4.7 inch LCD Display- Home Button w/Finger Print Detection- Front Camera- Earpiece SpeakerEXCELLENT CONDITION! LIKE NEW!,1,Local pickup (7 miles away),Ships for $3,7.0,,3,"San Diego, CA",San Diego, CA,2 hours 
52,783876504,iPhone 8 Plus SCREEN ONLY,75,Open box (never used),iPhone 8 Plus Screen includes- Front Glass Digitizer Panel- 4.7 inch LCD Display- Home Button w/Finger Print Detection- Front Camera- Earpiece SpeakerEXCELLENT CONDITION! LIKE NEW!,1,Local pickup (6 miles away),Ships for $3,6.0,,3,"San Diego, CA",San Diego, CA,2 hours 
53,783871691,Supreme Mophie Juice Pack Air BLACK,110,New (never used),brand new.never used.never removed from box slide.black.apple iphone 7apple iphone 8wireless charging.juice pack air.slim protective battery case.supreme x mophieOEM all,4,Local pickup (25 miles away),Ships for $7,25.0,,7,"Chula Vista, CA",Chula Vista, CA,2 hours 
54,783863066,APPLE IPHONE XS MAX 256GB T-MOBILE UNLOCKED,775,New (never used),APPLE IPHONE XS MAX 256 T-Mobile UNLOCKED BRAND NEWAPPLE SWAPT APPLE CARE LOCAL CASH PICK UP,2,Local pickup (18 miles away),No shipping INFO!,18.0,,,"Spring Valley, CA",Spring Valley, CA,2 hours 
55,783855758,Apple iPhone 11 Pro Max 512 GB Space Gray,500,Open box (never used),"Features:	Dust-Resistant, Facial Recognition, Wide-Angle Camera, Fast Wireless Charging, Ultra Wide-Angle Camera, OLED Display, Water-Resistant, HDR Display, Triple Rear Camera, Fast Charging, Telephoto Lens, eSIM, 4K Video Recording",1,Local pickup (29 miles away),No shipping INFO!,29.0,,,No location INFO!,,,2 hours 
56,783851950,iPhone 7,200,Used (normal wear),200,2,Local pickup (20 miles away),No shipping INFO!,20.0,,,"Chula Vista, CA",Chula Vista, CA,2 hours 
57,783845271,iPhone XR 256gb Apple Sim,600,Used (normal wear),"Less than 8 months old still has Apple Warranty on it. Work is buying my new one so selling this.Everything works great, battery lasts a long time, fully functional in all areas. Only issue is listed below;Notice top left has a black spot. It comes and goes but for some reason it‚Äôs there. No cracks in screen.",3,Local pickup (12 miles away),No shipping INFO!,12.0,,,"San Diego, CA",San Diego, CA,3 hours 
58,783826797,iPhone XR 64GB (AT&T),425,Used (normal wear),"AT&T only. In excellent shape on the front, two minor cracks in the corners in the back of the glass but they‚Äôre hardly noticeable. Battery holds a charge all day, phone works flawlessly. ",5,Local pickup (5 miles away),No shipping INFO!,5.0,,,"San Diego, CA",San Diego, CA,3 hours 
59,783820409,iPhone 8 LIFEPROOF case,40,New (never used),No description. Ask seller for more details,4,Local pickup (22 miles away),Ships for $3,22.0,,3,"Chula Vista, CA",Chula Vista, CA,3 hours 
60,783946949,iPhone 7 128GB paid off mint condition,240,Used (normal wear),I‚Äôm selling my grandpas phone for him always had an otter box case and screen protector no marks ,5,Local pickup (78 miles away),Ships for $7,78.0,,7,"Seal Beach, CA",Seal Beach, CA,3 minutes 
61,783817736,I PHONE X 64G,625,Used (normal wear),"* iPhone X 64GB Silver ( Like New )* Comes with original box, charger* Otter Box Case included* Unlocked for all mobile carriers* Bring your own sim card & see for yourself !!",6,Local pickup (23 miles away),No shipping INFO!,23.0,,,"Vista, CA",Vista, CA,3 hours 
62,783814122,ATT unlocked iPhone XS 64GB,640,Used (normal wear),Selling my unlocked iPhone XS always been a case and with a screen protector ,3,Local pickup (23 miles away),No shipping INFO!,23.0,,,"San Marcos, CA",San Marcos, CA,3 hours 
63,783811256,IPHONE 6S 64GB FACTORY UNLOCKED FOR ANY CARRIER WORLDWIDE,175,Used (normal wear),"This iPhone 6s 64GB is factory unlocked for any carrier worldwide. Comes with an OEM charging cable. Phone is 100% in working condition guaranteed, 30 days warranty.Bring your SIM card to my location and test them with no rush or I can meet you at your carrier store if you prefer.I accept, cash, credit card, PayPal, Venmo and cash app.Price is for each iPhone with a charging cablePRICE IS FAIR AND FIRM, PLEASE DO NOT SEND ANY OFFER, I WON'T ACCEPT IT. THANK YOU„Äã„Äã„ÄãNo shipping, no cashier check and no fake PayPal emails„Ää„Ää„Ää ",4,Local pickup (17 miles away),No shipping INFO!,17.0,,,"San Diego, CA",San Diego, CA,3 hours 
64,783946377,Three iPhone Chargers & Three Wall Adapters,25,New (never used),"Pickup only or can ship.3 cables and 3 adapters. Brand new.3.3ft in Length Cables- Lightning USB iPhone ChargerCompatible with: (iPhone 5, 5S, 6, 6S PLUS, 7, 8)-Premium Quality-iOS 9/10 Compatibility- Thicker cable than most generic chargers allowing for better durability and long lasting life of the charger.These come without a retail box. All are new and of great quality!",1,No delivery INFO!,"Ships from Las Vegas, NV for $3",,"Las Vegas, NV",3,"Las Vegas, NV",Las Vegas, NV,4 minutes 
65,783799888,iPhone X space grey 64 GB,575,Used (normal wear),No cracks great condition!,2,Local pickup (24 miles away),No shipping INFO!,24.0,,,"San Diego, CA",San Diego, CA,4 hours 
66,783796636,2 Brand New Original Apple IPhone Chargers,20,New (never used),No description. Ask seller for more details,1,Local pickup (12 miles away),No shipping INFO!,12.0,,,"San Diego, CA",San Diego, CA,4 hours 
67,783793326,Iphone 11 case,8,Used (normal wear),$8,2,Local pickup (19 miles away),No shipping INFO!,19.0,,,"San Diego, CA",San Diego, CA,4 hours 
68,783790604,iPhone 7 GOLD,260,Used (normal wear),- 256 GB- Factory Unlocked ( can be used with ANY phone conpany ),4,Local pickup (24 miles away),No shipping INFO!,24.0,,,"San Diego, CA",San Diego, CA,4 hours 
69,783789675,iPhone 7 Rose Gold,260,Used (normal wear),- 256 GB- Factory Unlocked ( can be used with ANY phone company ),4,Local pickup (24 miles away),No shipping INFO!,24.0,,,"San Diego, CA",San Diego, CA,4 hours 
70,783787773,(1m) Apple IPhone Lightning Usb Cable,5,New (never used),No description. Ask seller for more details,1,Local pickup (17 miles away),No shipping INFO!,17.0,,,"National City, CA",National City, CA,4 hours 
71,783771399,iPhone 7,Sold!,Used (normal wear),$250 or best offer,2,Local pickup (24 miles away),No shipping INFO!,24.0,,,"Escondido, CA",Escondido, CA,5 hours 
72,783767659,iPhone SE 32GB,100,Used (normal wear),"üíµ Price is Firm üíµüì±Unlocked for all carriers: Works on AT&T, CricKet, T-Mobile, Metro PCS, Simple Mobile, Telcel, Verizon, Sprint overseas etc. iPhone SE - 32GB - Space Gray ColorGreat Condition. Everything works well‚úÖClean IMEI‚ôªÔ∏èReset Back to Factory SettingsüìûBring your SIM card and make a test call!üíµ Price is Firm üíµI can also give you a credit towards iPhones, iPads, MacBooks and Apple Watch. Tell me what you have and how much u want for it towards the trade. Tell me Model, Carrier, Condition and GB",3,Local pickup (11 miles away),No shipping INFO!,11.0,,,"San Diego, CA",San Diego, CA,5 hours 
73,783764266,"Cracked iphone, screen Replacement",40,New (never used),All parts available in stock and done same day within 20-30mins ,1,Local pickup (11 miles away),No shipping INFO!,11.0,,,"San Diego, CA",San Diego, CA,5 hours 
74,783760842,Iphone x (black listed),350,Open box (never used),In a mint condition no scratches or cracks anywhere on the phone.,3,Local pickup (13 miles away),Ships for $3,13.0,,3,"Coronado, CA",Coronado, CA,5 hours 
75,783754063,iPhone 11 Pro 64GB,500,New (never used),*Read*$700Brand NewUnlocked iCloud + CarriersGold Mint conditionShipping worldwide ,5,Local pickup (25 miles away),Ships for $7,25.0,,7,"Oceanside, CA",Oceanside, CA,5 hours 
76,783750256,Christian Louboutin iPhone XR Case,25,Used (normal wear),No description. Ask seller for more details,3,Local pickup (21 miles away),No shipping INFO!,21.0,,,"Chula Vista, CA",Chula Vista, CA,5 hours 
77,783743746,iPhone 8 Plus,350,Used (normal wear),Excellent condition. No cracks or scratches. 64 GB. Rose gold model. ,2,Local pickup (25 miles away),No shipping INFO!,25.0,,,"El Cajon, CA",El Cajon, CA,5 hours 
78,783735733,IPHONE X XS MOPHIE JUICE PACK CELLPHONE CASE WIRELESS CHARGING - BLACK,29,Open box (never used),Extend the life of your phone up to a total of 30 hours with the push of a button.‚úÖ WIRELESS CHARGING‚úÖ HIGH IMPACT PROTECTION CASE$50 each or best offerNever fuss with cables again. juice pack air battery case is compatible with Qi and other wireless systems and maintains your phone‚Äôs wireless functionality with virtually any charging pad. Cash only no trades Low offers will be ignored,3,Local pickup (25 miles away),No shipping INFO!,25.0,,,"Escondido, CA",Escondido, CA,6 hours 
79,783721657,iPhone for sale,30,For Parts,iCloud lock ,2,Local pickup (13 miles away),No shipping INFO!,13.0,,,"San Diego, CA",San Diego, CA,6 hours 
80,783716100,iPhone 6 rose 64G,125,Used (normal wear),iPhone 6 rose 64G AT&T only ,2,Local pickup (13 miles away),No shipping INFO!,13.0,,,"Coronado, CA",Coronado, CA,6 hours 
81,783710424,Iphone 11. 64 gb,630,Used (normal wear),Iphone 11Es t mobile metro pcs y simple mobileNo liberado64 gbFace id okNo icloudTrae cargador9.5 de 10$650 omo,2,Local pickup (16 miles away),No shipping INFO!,16.0,,,"San Diego, CA",San Diego, CA,6 hours 
82,783706792,Versace IPhone case for 7/8 not plus,30,New (never used),No description. Ask seller for more details,2,Local pickup (17 miles away),No shipping INFO!,17.0,,,"La Mesa, CA",La Mesa, CA,6 hours 
83,783705560,IPHONE 7 PLUS,Sold!,Used (normal wear),IPHONE 7 PLUSROSE GOLD‚ÄºÔ∏è 256 GBUNLOCKED,4,Local pickup (25 miles away),No shipping INFO!,25.0,,,"Chula Vista, CA",Chula Vista, CA,6 hours 
84,783946819,iPhone XS Max,250,New (never used),iPhone XS Max 64gb Unlocked ,1,No delivery INFO!,"Ships from Kansas City, KS for $10",,"Kansas City, KS",10,"Kansas City, KS",Kansas City, KS,3 minutes 
85,783692564,iPhone 6,Sold!,Used (normal wear),"iPhone 6, 16 GB, Unlocked(bought unlocked from Apple store), white color, no scratch at all,Upgraded to newer version so selling this one ",4,Local pickup (17 miles away),No shipping INFO!,17.0,,,"San Diego, CA",San Diego, CA,7 hours 
86,783686698,iPhone 8 Plus,400,Used (normal wear),It‚Äôs iCloud unlocked just not carrier unlocked works for at & t or cricket & comes w a charger. Please let me know if interested clean IMEI No Low Ballers ,3,Local pickup (22 miles away),No shipping INFO!,22.0,,,"Chula Vista, CA",Chula Vista, CA,7 hours 
87,783945216,iPhone 6 16gb (NOT A PLUS) Unclocked Excellent Silver Tmobile Att MetroPcs Verizon Cricket Ultramobile Simplemobile Mexico Asia Central America Europe,117,Used (normal wear),**PRICE FIRM OFFERS FOR LESS WILL BE REPORTED/BLOCKED****SHIPPING ONLY** **YOU PAY THRU OFFERUP ONLY ONLY ONLY ONLY ONLY NO EXCEPTIONS **IPHONE 6 16GB UNLOCKED SILVER EXCELLENT CONDITION COMES WITH USB LIGHTNING CABLE (NO BOX NO OTHER ACCESSORIES) ,1,No delivery INFO!,"Ships from Chicago, IL for $3",,"Chicago, IL",3,"Chicago, IL",Chicago, IL,6 minutes 
88,783680999,iPhone 6 pickup poway 128 gb unlocked mophie case charging $165 price firm üëàüèªüëàüèªüëàüèªüëàüèªüëàüèªüëàüèª,165,Used (normal wear),No description. Ask seller for more details,1,Local pickup (9 miles away),No shipping INFO!,9.0,,,"San Diego, CA",San Diego, CA,7 hours 
89,783677768,IPhone 7 Plus 32gb for T-Mobile or metro pcs,240,Used (normal wear),IPhone 7 Plus 32gb for T-Mobile or metro pcs works perfect ready to be used in good condition.,5,Local pickup (25 miles away),No shipping INFO!,25.0,,,"San Diego, CA",San Diego, CA,7 hours 
90,783669124,Used Kate spade small shoulder purse,20,Used (normal wear),"Fits iPhone 10! Has pockets for credit cards, cash, etc. ",3,Local pickup (15 miles away),No shipping INFO!,15.0,,,"San Diego, CA",San Diego, CA,7 hours 
91,783663920,iPhone 7 Plus 128gb,350,Used (normal wear),UNLOCKED iPhone 7 Plus 128gb Matte Black,3,Local pickup (26 miles away),No shipping INFO!,26.0,,,"San Diego, CA",San Diego, CA,7 hours 
92,783663179,iPhone 6s,180,Used (normal wear),Unlocked comes with apple charging case ,1,Local pickup (16 miles away),No shipping INFO!,16.0,,,"San Diego, CA",San Diego, CA,7 hours 
93,783655830,iPhone 7,240,Used (normal wear),Unlocked iPhone 7 - 10/10 shape - 32 GBWorks with any network and abroad!San DiegoMust go!,2,Local pickup (12 miles away),No shipping INFO!,12.0,,,"Coronado, CA",Coronado, CA,8 hours 
94,783652321,iPhone 11 pro,8,Open box (never used),iPhone 11 pro case and 2 screen protectorsCase was never openedIt was originally pack of 4 screen protectors. Only needed 1$8  gets everything ,2,Local pickup (23 miles away),No shipping INFO!,23.0,,,"Chula Vista, CA",Chula Vista, CA,8 hours 
95,783649294,IPhone 6S gold 64gb Unlocked,200,Used (normal wear),This phone is in perfect condition! No cracks or scratches on it. I always had it in a case & always had the front screen protected as well. I‚Äôm selling it because I got a newer iPhone. Everything works perfect on the phone & it‚Äôs unlocked . There is a new glass screen protector on it.  Comes with original box & brand new (never used) ear buds & never used charger block. This is not a 6 PlusClean IMEI ,8,Local pickup (22 miles away),No shipping INFO!,22.0,,,"Escondido, CA",Escondido, CA,8 hours 
96,783634234,UNLOCKED iPhone 7 Plus 128gb Matte Black,380,Used (normal wear),"Almost perfect condition iPhone 7 Plus 128gb in Matte Black. No cracks anywhere everything works perfectly. Unlocked to be used with any carrier. Clean imei and no icloud lock, has always been kept in a case. Comes with house charger. Serious buyers only please. NO TRADES, cash only low ballers will be ignored. Hablo Espa√±ol.",2,Local pickup (5 miles away),No shipping INFO!,5.0,,,"San Diego, CA",San Diego, CA,8 hours 
97,783632405,UNLOCKED iPhone 7 256gb Rose Gold,320,Used (normal wear),"Almost perfect condition iPhone 7 256g in Rose Gold. No cracks anywhere everything works perfectly. Unlocked to be used with any carrier. Clean imei and no icloud lock, has always been kept in a case. Comes with house charger. Serious buyers only please. NO TRADES, cash only low ballers will be ignored. Hablo Espa√±ol.",2,Local pickup (5 miles away),No shipping INFO!,5.0,,,"San Diego, CA",San Diego, CA,8 hours 
98,783618947,iPhone 7 - 32 GB,250,Used (normal wear),"iPhone 7 (32 GB Storage)Normal use, some scratches on the screen but not noticeable with screen on. Not dropped and no damage aside from minor screen a scratches. ",2,Local pickup (25 miles away),No shipping INFO!,25.0,,,"Chula Vista, CA",Chula Vista, CA,9 hours 
99,783943410,IPHONE 6 64GB GOLD unlocked PLZ READ !!,80,For Parts,Selling this phone been reset and screen deemed and not responding to touch.. so am selling as is for parts or repair IPHONE 6 64GB GOLD unlocked Asking $80 firm pickup in NE Tacoma ,4,No delivery INFO!,"Ships from Tacoma, WA for $7",,"Tacoma, WA",7,"Tacoma, WA",Tacoma, WA,11 minutes 
100,783603294,Case iPhone X,15,New (never used),New case for iPhone X with good design and color from Disney includes :Case coverStand holder ,4,Local pickup (20 miles away),No shipping INFO!,20.0,,,"Spring Valley, CA",Spring Valley, CA,9 hours 
101,783599898,Magnetic case,15,New (never used),New magnetic tempered glass privacy metal cover case anti spy üïµÔ∏è‚Äç‚ôÄÔ∏è with dark screen for iPhone Thanks guys almost gone !!!XS MaxXR   7,7,Local pickup (19 miles away),No shipping INFO!,19.0,,,"Spring Valley, CA",Spring Valley, CA,9 hours 
102,783591839,Iphone 7 case and Popsocket,10,Used (normal wear),Phone case for iphone 7 with popsocket Pick up only national city $10 firm,4,Local pickup (17 miles away),No shipping INFO!,17.0,,,"Lincoln Acres, CA",Lincoln Acres, CA,10 hours 
103,783568875,"SONY 4K AV Receiver 5X HDMI, USB, iPhone, remote, Venmo OK",100,Used (normal wear),"Sony 4K A/V Receiver 5.2 channel Surround Sound, model STR-DH5504 HDMI inputs and 1 out, USB in for phone, iPad etc., subwoofer outVery good working condition, remote.It's hooked up to my speakers, TV and iPad, ready to check out",3,Local pickup (5 miles away),No shipping INFO!,5.0,,,"San Diego, CA",San Diego, CA,10 hours 
104,783540084,APPLE IPHONE 6S 16GB - SPRINT- UNLOCKED- NO CRACKS OR SCRATCHES-,60,Used (normal wear),IPHONE 6S SPRINT UNLOCKED A1688 16 GBNO SCRATCHES OR CRACKSCOMES WITH CASE SHOWNclean imeispace grayno water damagegood phoneprice firm,1,Local pickup (16 miles away),Ships for $7,16.0,,7,"Poway, CA",Poway, CA,12 hours 
105,783882216,iPhone 7 plus 32 gb unlocked,349,Used (normal wear),"Mint Condition Works With any AT&T , Tmobile, Verizon, Cricket, Metro Network and Overseas.We have in stock, iPhone 6 - $150  | iPhone 7 - $249  | iPhone 7 Plus - $349iPhone 8 - $349  | iPhone 8 Plus - $449 Samsung S8 - $249 |   S8 Plus - $349Samsung S9 - $349 |   S9 Plus  - $399Samsung Note 8 - $349  |  Note 9 - $449 Comes with warranty Call us or stop by ¬†Our store address :Payless Wireless6074 EL Cajon Blvd¬†San Diego, CA - 92115",7,Local pickup (14 miles away),No shipping INFO!,14.0,,,"San Diego, CA",San Diego, CA,1 hour 
106,760790519,Samsung - Galaxy Watch Smartwatch 42mm Stainless Steel -,150,Used (normal wear),Selling my old Galaxy watch series 3 (2018) as I have an IPhone now. The watch has very light wear and tear and if I had to scale it from 1-10 cosmetic wise I‚Äôd put It at about a 7 for some light scuffs only viewable really up close. The watch is retailing for around $300 so I stand on my $200 offer. Serious inquiries only please!,2,Local pickup (27 miles away),No shipping INFO!,27.0,,,"Escondido, CA",Escondido, CA,1 month 
107,783876612,iPhone battery Xsmax,40,New (never used),Works good 40 dollars ,1,Local pickup (8 miles away),No shipping INFO!,8.0,,,"San Diego, CA",San Diego, CA,2 hours 
108,687983954,iPhone XR 128GB White Unlocked,750,Open box (never used),‚Ä¢ Original price: $980‚Ä¢ Asking price:$700‚Ä¢ Color: White‚Ä¢ Brand: Apple iPhone XR‚Ä¢ Condition: Like new ‚Ä¢ Included: cable & charger ‚Ä¢ Item location: Clairemont Mesa / Kearny Mesa,3,Local pickup (7 miles away),No shipping INFO!,7.0,,,"San Diego, CA",San Diego, CA,5 months 
109,783869102,Iphone 7 plus,160,Used (normal wear),-I could shipGood conditionDoesnt come with earbudsUnlocked128 gbPh1 number:{contact info removed},7,Local pickup (22 miles away),No shipping INFO!,22.0,,,"Chula Vista, CA",Chula Vista, CA,2 hours 
110,783861175,iPhone 11 Verizon clean / new 64gb,620,Open box (never used),Open box onlyNewNot under contracts Verizon onlyNo low buyers,2,Local pickup (27 miles away),No shipping INFO!,27.0,,,"San Diego, CA",San Diego, CA,2 hours 
111,783803148,Apple Combo Bundle/Brand New Original Apple IPhone Charger and Car Charger and Headphones,35,New (never used),"Price can be Negotiated Discount, Make an Offer",4,Local pickup (15 miles away),No shipping INFO!,15.0,,,"San Diego, CA",San Diego, CA,2 hours 
112,783851001,iPhone 7 32gb T-Mobile/MetroPcs,275,Used (normal wear),iPhone 7 32gb T-Mobile/MetroPcs Like new $275,2,Local pickup (23 miles away),No shipping INFO!,23.0,,,"San Marcos, CA",San Marcos, CA,2 hours 
113,783842780,Broken iPhone I phone ten x 64 gb,300,Used (normal wear),Front and back glass are broken Screen still works Frame slightly bent iPhone X ,5,Local pickup (5 miles away),No shipping INFO!,5.0,,,"San Diego, CA",San Diego, CA,3 hours 
114,783826381,iPhone 8 64gb great condition,340,Used (normal wear),White iPhone 8 64gb in excellent conditionUnlocked Switch to any carrier No cracks chips or scratches only on screen protector Everything works great no issues you will not be disappointed Asking 340 ,7,Local pickup (20 miles away),No shipping INFO!,20.0,,,"Chula Vista, CA",Chula Vista, CA,3 hours 
115,783819572,iPhone 8 LIFEPROOF case,50,Used (normal wear),"Used for a month, minor scratches ",4,Local pickup (23 miles away),Ships for $3,23.0,,3,"Chula Vista, CA",Chula Vista, CA,3 hours 
116,783818502,Samsung galaxy S8 unlocked - excellent condition,249,Used (normal wear),"Mint Condition Works With any AT&T , Tmobile, Verizon, Cricket, Metro Network and Overseas.We have in stock, iPhone 6 - $150  | iPhone 7 - $249  | iPhone 7 Plus - $349iPhone 8 - $349  | iPhone 8 Plus - $449 Samsung S8 - $249 |   S8 Plus - $349Samsung S9 - $349 |   S9 Plus  - $399Samsung Note 8 - $349  |  Note 9 - $449 Comes with warranty Call us or stop by ¬†Our store address :Payless Wireless6074 EL Cajon Blvd¬†San Diego, CA - 92115",11,Local pickup (14 miles away),No shipping INFO!,14.0,,,"San Diego, CA",San Diego, CA,3 hours 
117,783815018,IPHONE 6S PLUS CASE,5,Used (normal wear),No need for this since I‚Äôve upgraded ,2,Local pickup (17 miles away),No shipping INFO!,17.0,,,"National City, CA",National City, CA,3 hours 
118,783812747,STEELSERIES NIMBUS Model: GC-00004,30,New (never used),"CompatibilityiPhone X & Newer, 8, 8 PLUS, 7S, 7S PLUS, 6S, 6S PLUS, 6, 6 PLUS, 5, 5C, 5SiPad PRO & Newer, MINI 4 & Newer, MINI 3,MINI 2, (4TH GENERATION), AIR, AIR 2 IPOD TOUCH (6TH GENERATION) & NewerApple TVAPPLE TV¬Æ 4KAPPLE TV¬Æ (4TH GENERATION)& Newer",2,Local pickup (23 miles away),Ships for $7,23.0,,7,"San Marcos, CA",San Marcos, CA,3 hours 
119,783808918,GAMEVICE Model: GV157,50,New (never used),It may be compatible with XR and 11. I use it on my iphone 6 and XS. selling for 50 OBO. In great condition.iPhone ModelsiPhone XSiPhone XiPhone 8iPhone 8 PlusiPhone 7iPhone 7 PlusiPhone 6siPhone 6s PlusiPhone 6iPhone 6 Plus,2,Local pickup (23 miles away),Ships for $3,23.0,,3,"San Marcos, CA",San Marcos, CA,4 hours 
120,783800612,2 Apple Combos/2 Apple IPhone Chargers and 2 Car Chargers Brand New,45,New (never used),"Price can be Negotiated Discount, Make an Offer",3,Local pickup (16 miles away),No shipping INFO!,16.0,,,"National City, CA",National City, CA,4 hours 
121,783797675,I phone 7 plus,220,Used (normal wear),It works perfect i dont have the charger screen in good condition no scratches speaker works selling it because i got a new iphone ,4,Local pickup (14 miles away),No shipping INFO!,14.0,,,"Coronado, CA",Coronado, CA,4 hours 
122,783796445,"iPhone 6 64GB Silver, Unlocked, No Sim",150,Used (normal wear),"Apple iPhone 6 64GB Unlocked, No Sim. Used, normal wear & tear. No cracks, no damage.Original box, but nothing else.MG4X2LL/ASerial #F4RNVLL0G5MH",8,Local pickup (3 miles away),Ships for $7,3.0,,7,"San Diego, CA",San Diego, CA,4 hours 
123,783791973,4 (1m) Apple IPhone Lightning Usb Cables,20,New (never used),No description. Ask seller for more details,1,Local pickup (16 miles away),No shipping INFO!,16.0,,,"National City, CA",National City, CA,4 hours 
124,783789597,iPhone 5,70,Used (normal wear),Works perfectly and comes with a charger,4,Local pickup (19 miles away),No shipping INFO!,19.0,,,"Spring Valley, CA",Spring Valley, CA,4 hours 
125,783779426,iPhone 7plus red (Tmobile),400,Used (normal wear),Great condition Meet up only,2,Local pickup (15 miles away),No shipping INFO!,15.0,,,"San Diego, CA",San Diego, CA,4 hours 
126,783947726,New iphone 6S grey in color,175,New (never used),Brand new iphone 6S just recieved from Apple,3,No delivery INFO!,"Ships from Littlefield, TX for $7",,"Littlefield, TX",7,"Littlefield, TX",Littlefield, TX,2 minutes 
127,783728478,Iphone 8 ANY CARRIER 64GB,340,Used (normal wear),Iphone 8 Factory Unlocked64GBGreat conditionTrusted sellerFirmWarranty,8,Local pickup (23 miles away),No shipping INFO!,23.0,,,"San Diego, CA",San Diego, CA,5 hours 
128,783763189,"Firm Price! Brand New Soft Case for iPhone 6 Plus/6s Plus, Located in North Park for Pick Up or Shipping Only!",7,New (never used),"Brand new soft case, never been used. For pick up or shipping only. Price is firm.",4,Local pickup (13 miles away),Ships for $3,13.0,,3,"San Diego, CA",San Diego, CA,5 hours 
129,783758465,iPhone screen,40,Used (normal wear),All parts available and done within 20-30mins ,1,Local pickup (10 miles away),No shipping INFO!,10.0,,,"San Diego, CA",San Diego, CA,5 hours 
130,783751044,iPhone SE 32gb,85,Used (normal wear),"Factory Unlocked, Few dents on the back, front camera is a little fuzzy, I assume it just needs cleaning. Other than that phone works completely fine and still receives iOS updates.iPhone SE Space Gray 32gbüîã Life- 82% New Charger, Charger Block, And New Boxupdates. Price is negotiable",6,Local pickup (19 miles away),No shipping INFO!,19.0,,,"El Cajon, CA",El Cajon, CA,5 hours 
131,783747974,Iphone 7 plus Any Carrier 128GB,340,Used (normal wear),Iphone 7 plus 128GBAny carrierGreat conditionTrusted seller Warranty,7,Local pickup (24 miles away),No shipping INFO!,24.0,,,"San Diego, CA",San Diego, CA,5 hours 
132,783742225,Lumee iPhone 7 Plus case,10,Used (normal wear),No description. Ask seller for more details,4,Local pickup (18 miles away),Ships for $3,18.0,,3,"San Marcos, CA",San Marcos, CA,5 hours 
133,783731967,IPhone 7 Plus Carrier unlocked 32 GB,275,Used (normal wear),"Pick up in Carlsbad Everything works great  Clean IMEI, no iCloud lock Feel free to test before you buy  I consider trade/ $$ off for iPhones working broken even iCloud locked.  Tell me the model, carrier, GB, condition AND HOW MUCH YOU WANT IN TRADE FOR IT ",3,Local pickup (16 miles away),No shipping INFO!,16.0,,,"Carlsbad, CA",Carlsbad, CA,6 hours 
134,783724374,iPhone 6 Plus,160,Used (normal wear),"üíµ Price is Firm üíµüì±Unlocked for all carriers: Works on AT&T, CricKet, T-Mobile, Metro PCS, Simple Mobile, Telcel, Verizon, Sprint overseas etc. iPhone 6 Plus - 16GB - Space Gray ColorHas wear on the frame. But everything works well‚úÖClean IMEI‚ôªÔ∏èReset Back to Factory SettingsüìûBring your SIM card and make a test call!üíµ Price is Firm üíµI can also give you a credit towards iPhones, iPads, MacBooks and Apple Watch. Tell me what you have and how much u want for it towards the trade. Tell me Model, Carrier, Condition and GB",3,Local pickup (10 miles away),No shipping INFO!,10.0,,,"San Diego, CA",San Diego, CA,6 hours 
135,783717842,iPhone 7 Plus,350,Used (normal wear),"Almost new Apple iPhone 7 Plus white with Rose Gold, 32GB, no defects, no scratches, no damage, unlocked from T-Mobile",2,Local pickup (11 miles away),No shipping INFO!,11.0,,,"San Diego, CA",San Diego, CA,6 hours 
136,783712758,iPhone 6s,150,Used (normal wear),"iPhone 6s64 GBBuenas condiciones, solo tiene unos cuantos rasgu√±os en l parte de atr√°s pero la pantalla esta en perfectas condiciones limpioUrge a tratar un poco ",4,Local pickup (13 miles away),No shipping INFO!,13.0,,,"San Diego, CA",San Diego, CA,6 hours 
137,783705840,iPhone 6 64gig,100,Used (normal wear),Sprint unlocked,3,Local pickup (19 miles away),No shipping INFO!,19.0,,,"El Cajon, CA",El Cajon, CA,6 hours 
138,783699695,iPhone 7 and 7+ Screens,25,Used (normal wear),iPhone 7 and iPhone 7 Plus Screens iPhone 7+ BLACK AND WHITE iPhone 7 BLACK AND WHITEThese are grade A Screens!!$25 each or 2 for $45I DO NOT DO INSTALLSFirm,2,Local pickup (12 miles away),No shipping INFO!,12.0,,,"San Diego, CA",San Diego, CA,6 hours 
139,783690305,IPhone 8 Plus. T-Mobile 64GB. Red,350,Used (normal wear),Carriers=T-Mobile &Metro Pcs.  Clean ESN ‚úîÔ∏èCondition =very good. Fully functional. No issues ,5,Local pickup (27 miles away),No shipping INFO!,27.0,,,"Harbison Canyon, CA",Harbison Canyon, CA,7 hours 
140,783679788,IPHONE 7+ PLUS 32GB FOR T-MOBILE OR METRO PCS SOME ACCESSORIES INCLUDED FEEL FREE TO TEST IT OUT üëçüèº,279,Used (normal wear),"BLACK IPHONE 7+ PLUS ‚úÖ  32GB STORAGE ‚úÖ ICLOUD UNLOCKED ‚úÖ CLEAN IMEI‚úÖ CHARGER ,CELLPHONE CASE INCLUDED. WE CAN MEET AT ANY CELLPHONE STORE VERIFY EVERYTHING WORKS. Cracked lower part of the front screen. Does not effect phone. (Shown on last picture)CASH ONLY NO TRADESLow offers will be ignored.",7,Local pickup (9 miles away),No shipping INFO!,9.0,,,"San Diego, CA",San Diego, CA,7 hours 
141,783679801,iPhone 7 128GB UNLOCKED FOR ANY NETWORK HAS CRACKS ON GLASS ONLY LCD NOT DAMAGED CLEAN ESN NO ICLOUD OR PASSWORD LOCKS!,200,Used (normal wear),No description. Ask seller for more details,3,Local pickup (17 miles away),No shipping INFO!,17.0,,,"San Diego, CA",San Diego, CA,7 hours 
142,783675833,iPhone XS Max 256 GB w/Charger,300,Used (normal wear),IMEI: 35 309510 082106 8Fully Functional and works great even with cracks.Price if Firm. ,5,Local pickup (12 miles away),No shipping INFO!,12.0,,,"San Diego, CA",San Diego, CA,7 hours 
143,783667667,iPhone 6s 32GB unlocked,175,Used (normal wear),In amazing shapeNo iCloud lockedNot black listedCan check imei # in personComes with Glass screen protectorCaseCharger,3,Local pickup (17 miles away),No shipping INFO!,17.0,,,"National City, CA",National City, CA,7 hours 
144,783663222,iPhone XR 128GB,480,Used (normal wear),"üíµ Price is Firm üíµ Works on: T-Mobile, Metro PCS, Simple MobileiPhone XR - 128GB - Black ColorHas a little wear on the frame (a few dings), no cracks on screen. Works excellent with no issues. Comes with box and all unused accessories ‚úÖClean IMEI‚ôªÔ∏èReset Back to Factory SettingsüìûBring your SIM card and make a test call!üíµ Price is Firm üíµI can also give you a credit towards iPhones, iPads, MacBooks and Apple Watch. Tell me what you have and how much u want for it towards the trade. Tell me Model, Carrier, Condition and GB",4,Local pickup (11 miles away),No shipping INFO!,11.0,,,"San Diego, CA",San Diego, CA,7 hours 
145,783659707,iPhone 7 32GB Unlocked all carriers including Mexico,240,Used (normal wear),"IPhone 7 -32GB, rose gold -Factory unlocked . Will work with at&t, cricket , MetroPCS, Tmobile,and Mexico as well -No issues at all. Everything functions perfectly -Ready to install SIM card and use ",7,Local pickup (26 miles away),No shipping INFO!,26.0,,,"San Diego, CA",San Diego, CA,8 hours 
146,783655266,iPhone 6,180,Used (normal wear),"Great shape, iPhone 6 unlocked for all networks - 64GBUse it in Mexico and other countries!Battery - 100% (changed at apple 3 months ago)Local pickup only! - San DiegoMust go",1,Local pickup (11 miles away),No shipping INFO!,11.0,,,"San Diego, CA",San Diego, CA,8 hours 
147,783946819,iPhone XS Max,250,New (never used),iPhone XS Max 64gb Unlocked ,1,No delivery INFO!,"Ships from Kansas City, KS for $10",,"Kansas City, KS",10,"Kansas City, KS",Kansas City, KS,4 minutes 
148,783644476,IPhone xr sealed in box factory unlocked,600,New (never used),iPhone xr 64 gb sealed in box factory unlockedSealed in box with 1 year warranty.I paid $800 + taxSelling for only $600 CASH ONLY!,1,Local pickup (11 miles away),No shipping INFO!,11.0,,,"San Diego, CA",San Diego, CA,8 hours 
149,783946377,Three iPhone Chargers & Three Wall Adapters,25,New (never used),"Pickup only or can ship.3 cables and 3 adapters. Brand new.3.3ft in Length Cables- Lightning USB iPhone ChargerCompatible with: (iPhone 5, 5S, 6, 6S PLUS, 7, 8)-Premium Quality-iOS 9/10 Compatibility- Thicker cable than most generic chargers allowing for better durability and long lasting life of the charger.These come without a retail box. All are new and of great quality!",1,No delivery INFO!,"Ships from Las Vegas, NV for $3",,"Las Vegas, NV",3,"Las Vegas, NV",Las Vegas, NV,5 minutes 
150,783621029,iPhone 7 Plus T-Mobile 32GB UNLOCKED Rose Gold,310,Used (normal wear),No description. Ask seller for more details,5,Local pickup (25 miles away),No shipping INFO!,25.0,,,"Chula Vista, CA",Chula Vista, CA,9 hours 
151,783611714,Brand new unlocked IPhone X - with factory warranty,Sold!,New (never used),Brand new iPhone X - factory unlocked 64GB black color...no trade or shipping only local pickup,3,Local pickup (10 miles away),No shipping INFO!,10.0,,,"San Diego, CA",San Diego, CA,9 hours 
152,783607530,Samsung galaxy j7 prime,Sold!,Used (normal wear),Great condition. I kept it in the case the whole time. I just upgraded to iPhone but everything works fine. I already factory reset. It‚Äôs ready to go. It is a metro pcs phone.  Must pick up.,2,Local pickup (14 miles away),No shipping INFO!,14.0,,,"San Diego, CA",San Diego, CA,9 hours 
153,783600716,Case iPhone,12,New (never used),New case with good design black color with stand holder for iPhone 7 Plus & 8 Plus ,2,Local pickup (19 miles away),No shipping INFO!,19.0,,,"Spring Valley, CA",Spring Valley, CA,9 hours 
154,783567739,IPhone 7 $200,200,Used (normal wear),No description. Ask seller for more details,3,Local pickup (24 miles away),No shipping INFO!,24.0,,,"El Cajon, CA",El Cajon, CA,10 hours 
155,783573666,iPhone X 256gb UNLOCKED clean (price reduced),450,Used (normal wear),Selling my iPhone X 256 gb Unlocked Screen protector already included.I am the first and only owner.I have upgraded my phone and have no use for this one anymore. Everything has been restored back to normal factory settings. Very minor crack on bottom back glass but doesn‚Äôt affect the phone whatsoever and can be covered easily with phone case. Has never been in water even though it is water resistant.Serious buyers only no trades,3,Local pickup (21 miles away),No shipping INFO!,21.0,,,"Chula Vista, CA",Chula Vista, CA,10 hours 
156,783528290,IPhone Verizon 64gb,550,New (never used),No description. Ask seller for more details,3,Local pickup (23 miles away),No shipping INFO!,23.0,,,"San Diego, CA",San Diego, CA,13 hours 
157,783882613,iPhone 6 16 gb unlocked black,150,Used (normal wear),"Mint Condition Works With any AT&T , Tmobile, Verizon, Cricket, Metro Network and Overseas.We have in stock, iPhone 6 - $150  | iPhone 7 - $249  | iPhone 7 Plus - $349iPhone 8 - $349  | iPhone 8 Plus - $449 Samsung S8 - $249 |   S8 Plus - $349Samsung S9 - $349 |   S9 Plus  - $399Samsung Note 8 - $349  |  Note 9 - $449 Comes with warranty Call us or stop by ¬†Our store address :Payless Wireless6074 EL Cajon Blvd¬†San Diego, CA - 92115",10,Local pickup (14 miles away),No shipping INFO!,14.0,,,"San Diego, CA",San Diego, CA,1 hour 
158,783946377,Three iPhone Chargers & Three Wall Adapters,25,New (never used),"Pickup only or can ship.3 cables and 3 adapters. Brand new.3.3ft in Length Cables- Lightning USB iPhone ChargerCompatible with: (iPhone 5, 5S, 6, 6S PLUS, 7, 8)-Premium Quality-iOS 9/10 Compatibility- Thicker cable than most generic chargers allowing for better durability and long lasting life of the charger.These come without a retail box. All are new and of great quality!",1,No delivery INFO!,"Ships from Las Vegas, NV for $3",,"Las Vegas, NV",3,"Las Vegas, NV",Las Vegas, NV,5 minutes 
159,783877469,iPhone XR,350,Used (normal wear),Like new red iPhone XR 64 GB this is an at&t Iphone. Comes with charger and portable charging device. No scratches or cracks very good condition.$350 obo,2,Local pickup (23 miles away),No shipping INFO!,23.0,,,"Carlsbad, CA",Carlsbad, CA,2 hours 
160,754605601,iPhone X 64gb space grey UNLOCKED,600,Reconditioned/Certified,"Not locked , will be formatted ready for use , UNLOCKED , front and back cameras are a bit scratched but other than that everything works for me. 64gb space grey UNLOCKED CARRIER",5,Local pickup (8 miles away),No shipping INFO!,8.0,,,"San Diego, CA",San Diego, CA,1 month 
161,783874463,iPhone 7,60,Reconditioned/Certified,its completely reset. esn might be bad so that‚Äôs why I have it low but it was for sprint 32 g. It‚Äôs cracked but not bad and it‚Äôs more for an iPod or parts ,2,Local pickup (16 miles away),Ships for $7,16.0,,7,"National City, CA",National City, CA,2 hours 
162,783863409,iPhone 6 - Black - 64gb - UNLOCKED - Fully Working - No Cracks,180,Used (normal wear),64 gb. Price is firm .*Fully unlocked and with current IOS installed.*No cracks / No scratches on screen.   *100% Fully functional.Some minor scuffs on back but this was from it being in a case. You won‚Äôt notice these when you put in a case.,4,Local pickup (6 miles away),No shipping INFO!,6.0,,,"San Diego, CA",San Diego, CA,2 hours 
163,783946949,iPhone 7 128GB paid off mint condition,240,Used (normal wear),I‚Äôm selling my grandpas phone for him always had an otter box case and screen protector no marks ,5,Local pickup (78 miles away),Ships for $7,78.0,,7,"Seal Beach, CA",Seal Beach, CA,4 minutes 
164,783853240,Airpods,80,Used (normal wear),80 nothing wrong just misplaced the charger but any iPhone charger will work :) ,1,Local pickup (17 miles away),No shipping INFO!,17.0,,,"San Diego, CA",San Diego, CA,2 hours 
165,783851320,iPhone XR 128gb unlocked,520,Used (normal wear),"iPhone XR 128gb unlocked (Black)Comes with box and charger, no earpods. Has a small scratch on back that you can see in the picture. ",3,Local pickup (21 miles away),No shipping INFO!,21.0,,,"Bonita, CA",Bonita, CA,2 hours 
166,783845213,Iphone 8 -64gb Brand new,449,New (never used)," A brand new, unopened, undamaged, item in its original packaging.$449.99Port in price new line or upgrade - Cricket Wireless PBFirst mo svc charge & tax due at sale ",1,Local pickup (5 miles away),No shipping INFO!,5.0,,,"San Diego, CA",San Diego, CA,3 hours 
167,783823832,iPhone 4s. 50!$,Sold!,Used (normal wear),iPhone 4s. Good phone. Needs battery but works plugged in.,4,Local pickup (14 miles away),No shipping INFO!,14.0,,,"San Diego, CA",San Diego, CA,3 hours 
168,783819045,Samsung Galaxy Note 8 Unlocked - excellent condition,349,Used (normal wear),"Mint Condition Works With any AT&T , Tmobile, Verizon, Cricket, Metro Network and Overseas.We have in stock, iPhone 6 - $150  | iPhone 7 - $249  | iPhone 7 Plus - $349iPhone 8 - $349  | iPhone 8 Plus - $449 Samsung S8 - $249 |   S8 Plus - $349Samsung S9 - $349 |   S9 Plus  - $399Samsung Note 8 - $349  |  Note 9 - $449 Comes with warranty Call us or stop by ¬†Our store address :Payless Wireless6074 EL Cajon Blvd¬†San Diego, CA - 92115",10,Local pickup (14 miles away),No shipping INFO!,14.0,,,"San Diego, CA",San Diego, CA,3 hours 
169,783815950,iPhone 7 Black 256GB UNLOCKED Or SPRINT,280,Used (normal wear),"In great condition. No damage, comes with of without Lumee light case. ",1,Local pickup (18 miles away),No shipping INFO!,18.0,,,"Spring Valley, CA",Spring Valley, CA,3 hours 
170,783813610,IPHONE 6S PLUS 32& 64GB FACTORY UNLOCKED FOR ANY CARRIER WORLDWIDE,225,Used (normal wear),"iPhone 6s Plus 32GB & 64GB unlocked to use with any carrier worldwide. It works 100%, no issues. Comes with an original charging cable.30 days warrantyPrice is fair and firmiPhone 6s Plus 32GB $224.99iPhone 6s Plus 64GB $239.99Price is for each iPhone and is FIRM priceFUNCIONA PARA MEXICO: TELCEL, MOVISTAR, AT&T, UNEFON, ETC ",1,Local pickup (15 miles away),No shipping INFO!,15.0,,,"San Diego, CA",San Diego, CA,3 hours 
171,783811695,iPhone 8 Plus both sides scratched up T-Mobile / metro,350,Used (normal wear),No description. Ask seller for more details,2,Local pickup (11 miles away),No shipping INFO!,11.0,,,"San Diego, CA",San Diego, CA,3 hours 
172,783804912,IPHONE 8 64GB LIKE NEW CONDITION FOR CRICKET ONLY,300,Used (normal wear),iPh1 8 64GB like new condition for cricket carrier only. It works excellent and comes with a charging cable. Please bring your cricket sim card to test it at my location or I can meet you at cricket store also. {contact info removed}PRICE IS NOT NEGOTIABLE,4,Local pickup (16 miles away),No shipping INFO!,16.0,,,"San Diego, CA",San Diego, CA,4 hours 
173,783798491,4 Brand New Original Apple IPhone Chargers,40,New (never used),No description. Ask seller for more details,1,Local pickup (17 miles away),No shipping INFO!,17.0,,,"National City, CA",National City, CA,4 hours 
174,783796536,Iphone 11 pro,750,Used (normal wear),Iphone 11 pro T mobileClean imei,3,Local pickup (16 miles away),No shipping INFO!,16.0,,,"San Diego, CA",San Diego, CA,4 hours 
175,783794324,iPhone X (64g) brand new w/ Applecare+ (4/2020),750,New (never used),"Brand New from Apple store. Unlocked. All carriers even international.  Model a1865. 64g. Comes with Apple Care+ with zero claims, until 4/2020. ",6,Local pickup (12 miles away),No shipping INFO!,12.0,,,"Coronado, CA",Coronado, CA,4 hours 
176,783790676,IPHONE SE,80,Used (normal wear),Iphone SE 16GB Unblocked and works great,3,Local pickup (10 miles away),No shipping INFO!,10.0,,,"San Diego, CA",San Diego, CA,4 hours 
177,783788843,2 (1m) Apple IPhone Lightning Usb Cables,10,New (never used),No description. Ask seller for more details,1,Local pickup (17 miles away),No shipping INFO!,17.0,,,"National City, CA",National City, CA,4 hours 
178,783778365,iPhone 7 ***icloud locked***,120,Used (normal wear),"No damage, good glass, good case, good battery",3,Local pickup (23 miles away),Ships for $3,23.0,,3,"Oceanside, CA",Oceanside, CA,4 hours 
179,783767942,iPhone X 256gb,400,Reconditioned/Certified,"Upgraded phones just trying to get rid of my oldOne. No issues whatsoever, it‚Äôs a replacement from apple.",3,Local pickup (25 miles away),No shipping INFO!,25.0,,,"Chula Vista, CA",Chula Vista, CA,5 hours 
180,783767249,Logitech K810 Wireless Keyboard,65,Used (normal wear),"- Bright backlit keyboard- Bluetooth - Rechargeable - Works with Windows 7, Windows 8, Windows 10, Iphone, iPad 2, iPad (3rd and 4th generation) and moreIncluded: Hermitshell Hard Travel storage ",3,Local pickup (14 miles away),No shipping INFO!,14.0,,,"San Diego, CA",San Diego, CA,5 hours 
181,783763840,"Firm Price! Brand New SPECK Case for iPhone 6/6s, Located in North Park for Pick Up or Shipping Only!",15,New (never used),"Brand new case, never been used. For pick up or shipping only. Price is firm. PHONE NOT INCLUDED.",4,Local pickup (13 miles away),Ships for $3,13.0,,3,"San Diego, CA",San Diego, CA,5 hours 
182,783759262,iPhone 8 64gb product red iPhone,300,Open box (never used),"New, clean imei, unlocked ",2,Local pickup (18 miles away),No shipping INFO!,18.0,,,"San Diego, CA",San Diego, CA,5 hours 
183,783753388,iPhone 7 32 gb AT&T,Sold!,Used (normal wear),Really good condition ,2,Local pickup (20 miles away),No shipping INFO!,20.0,,,"Chula Vista, CA",Chula Vista, CA,5 hours 
184,783750220,IPHONE 6s 16Gb Factory Unlocked Any Carrier,150,Used (normal wear),"Good Battery Life and Clean IMEI, not reported stolen. We offer warranty on all of our phones.All of our phones are used but in great Shape! Factory unlocked which means you can put any Sim Card  with service and it will work.Comes with:House Charger Buy with confidence ",4,Local pickup (18 miles away),No shipping INFO!,18.0,,,"Chula Vista, CA",Chula Vista, CA,5 hours 
185,783738477,iPhone 8plus,280,Used (normal wear),"I have my iPhone 8 Plus 64g  bought this phone new 2 years ago.  I recently drove it, front and back crack. Phone still works perfectly I don‚Äôt have any issues with it. I was told I can fix the front screen for $40 dollars, honestly I just want a new phone. Let me know if you have any questions. I‚Äôm actually using the phone to do this until I sale it. ",3,Local pickup (7 miles away),No shipping INFO!,7.0,,,"San Diego, CA",San Diego, CA,5 hours 
186,783735208,IPHONE 7+ PLUS 32GB UNLOCKED FOR ANY CELLPHONE COMPANY FEEL FREE TO TEST IT OUT BEFORE PURCHASING EVERYTHING WORKSüíØ%üëàüèº,274,Used (normal wear),"BLACK IPHONE 7+ PLUS ‚úÖ  32GB STORAGE ‚úÖ ICLOUD UNLOCKED ‚úÖ CLEAN IMEI‚úÖ CHARGER ,CELLPHONE CASE INCLUDED. WE CAN MEET AT ANY CELLPHONE STORE VERIFY EVERYTHING WORKS. Cracked lower part of the front screen. Does not effect phone. (Shown on last picture)CASH ONLY NO TRADESLow offers will be ignored.",7,Local pickup (22 miles away),No shipping INFO!,22.0,,,"Escondido, CA",Escondido, CA,6 hours 
187,638364201,Scooch 5 in 1 phone case. Military grade protection.,13,Used (normal wear),"Slightly used Scooch phone case.  Definitely the most versatile and durable phone case on the market for your iPhone X. The wingman is so useful from being a stand , to hooking on to AC vent or just gripping the phone for selfies.  Was $49 brand new. Letting it go for $13.50. ",6,Local pickup (10 miles away),No shipping INFO!,10.0,,,"San Diego, CA",San Diego, CA,6 hours 
188,783712898,Iphone 8 plus. 64 gb,380,Used (normal wear),Iphone 8 plus 64 gbTmobile metro pcs simpleNot unlockedHave chargerNo issues,1,Local pickup (16 miles away),No shipping INFO!,16.0,,,"San Diego, CA",San Diego, CA,6 hours 
189,783707318,iPhone 7plus,Sold!,Used (normal wear),$200 cash only.  Firm !! Good condition no cracks. Unlocked.  No iCloud test and see on spot. ,2,Local pickup (8 miles away),No shipping INFO!,8.0,,,"San Diego, CA",San Diego, CA,6 hours 
190,783705785,iPhone case for 7/8 not plus,30,New (never used),No description. Ask seller for more details,1,Local pickup (17 miles away),No shipping INFO!,17.0,,,"La Mesa, CA",La Mesa, CA,6 hours 
191,783698142,iPhone 8 -Unlocked- 256GB,400,Used (normal wear),"iPhone 8256 GigabytesUnlocked(Unlocked for use with any US carrier and international as well: Verizon, Metro PCS, T-Mobile, China, Brazil, Mexico, Spain, France, Europe, Asia, China, etc.)Comes with the original box and all accessories including brand new (unopened) usb cable and charger!!!This is a great deal!! Great condition iPhone!Will throw in 5 brand new Screen Protector as well!!Your welcome to test it and make sure everything works. Put your SIM card in it. Im an honest seller. See my reviews.$400I‚Äôm in no rush to sell. Price is firm.If you want to pay less please look for a lower model iPhone or one with less GB space.",5,Local pickup (11 miles away),No shipping INFO!,11.0,,,"San Diego, CA",San Diego, CA,7 hours 
192,783696192,IPHONE PRO 11 (CARRIER UNLOCKED WITH RECEIPT) WAS PURCHASED AT APPLE STORE FAHION VALLEY,950,New (never used),"I AM WILLING TO MEET AT THE APPLE STORE FASHION VALLEY TO PROCESS THE TRANSACTION AS I WOULD RATHER HAVE CASH THAN A GIFT CARD TO üçé. IN NO RUSH TO SELL BUT FIRT COME FIRST SERVE YOU WILL BE SAVING $50 PLUS TAX ON THE PHONE. INCLUDING A FREE CASE THAT ALSO COMES WITH RECEIPT PURCHASED FOR $130 AT THE SAME APPLE STORE IN FASHION VALLEY.   SO IF YOU ARE A SERIOUS BUYER AND ARE INTERESTED IN A BRAND NEW IPHONE PRO 11 WITH DISCOUNT RECEIPT CARRIER UNLOCKED FROM APPLE CAN HAVE TO SIM CARDS IN THE SAME PHONE AT ONCE FROM 2 DIFFERENT CARRIERS. THIS IS BASICALLY A POCKETSIZE MACBOOK WITH A FREE APPE WALLET CASE ALL PAPERS AND RECEIPTS AND APPLECARE WARRANTY INCLUDED. ALONG WITH PRODUCT REPLACEMENT OR DAMAGE PROTECTION WHICH COVERS LOST, STOLEN OR DAMAGED. THE REASON IM SELLING MY PHONE PHONE IS TO START PAYING BACK MY STUDENT LOANS THAT HAVE GOTTEN TO BE SO BEHIND THEY ARE SENDING BILLS TO MY FATHER WHO IS ON A FIXED INCOME. THIS WILL COME WITH ALL. THE GOODIES BRAND NEW IN THE BOX UPDATED HEADPHONES AND RIDICULOUSLY SUPER FAST CHARGING. WISH I DIDNT HAVE TO SELL BUT NEED THE MONEY SORRY NO NEGOTIATIONS.",6,Local pickup (12 miles away),No shipping INFO!,12.0,,,"San Diego, CA",San Diego, CA,7 hours 
193,783688973,iPhone 7 s unlocked,250,Used (normal wear),"Hi I have two iPhones 7 s for sale letting them go for 250$ each . Has a clean IMEI , I have a black one and rose gold there both unlocked for any carrier. I usually work all of San Diego area so in case you wanted to stop by and check them out . ",9,Local pickup (23 miles away),No shipping INFO!,23.0,,,"San Marcos, CA",San Marcos, CA,7 hours 
194,783683943,iPhone 7&8 plus cases,5,Used (normal wear),"Speck, case mate ",1,Local pickup (24 miles away),No shipping INFO!,24.0,,,"San Marcos, CA",San Marcos, CA,7 hours 
195,783682230,iPhone XR cases,10,Used (normal wear),"iPhone XR, cases! Both from target. Used only for a couple of days! ",1,Local pickup (22 miles away),No shipping INFO!,22.0,,,"San Marcos, CA",San Marcos, CA,7 hours 
196,783679053,IPhone 6 16gb for T-Mobile or metro pcs,140,Used (normal wear),Works great in great condition ready to be used for T-Mobile or metro pcs.,5,Local pickup (25 miles away),No shipping INFO!,25.0,,,"San Diego, CA",San Diego, CA,7 hours 
197,783671705,iPhone 7 Black 128gb,220,Used (normal wear),works w any carrier 220,2,Local pickup (18 miles away),No shipping INFO!,18.0,,,"San Diego, CA",San Diego, CA,7 hours 
198,783664164,iPhone 7 128GB,220,Used (normal wear),"üíµ Price is Firm üíµüì±Works on AT&T & CricKet Networks iPhone 7 - 128GB - Space Gray ColorGood Condition. Works well‚úÖClean IMEI‚ôªÔ∏èReset Back to Factory SettingsüìûBring your SIM card and make a test call!üíµ Price is Firm üíµI can also give you a credit towards iPhones, iPads, MacBooks and Apple Watch. Tell me what you have and how much u want for it towards the trade. Tell me Model, Carrier, Condition and GB",3,Local pickup (10 miles away),No shipping INFO!,10.0,,,"San Diego, CA",San Diego, CA,7 hours 
199,783661137,Iphone 8 plus att,400,Used (normal wear),Att only brandnew 1 month used only no scratches at all.,1,Local pickup (20 miles away),No shipping INFO!,20.0,,,"El Cajon, CA",El Cajon, CA,8 hours 
200,783655442,IPhone X 256GB,Sold!,Used (normal wear),iPhone X 256GB great condition we were with Verizon than switch to T-Mobile so yes is factory unlocked . Come with new screens protector in box ,3,Local pickup (18 miles away),No shipping INFO!,18.0,,,"Chula Vista, CA",Chula Vista, CA,8 hours 
201,783650885,iPhone XS Max,600,Used (normal wear),Great condition 9.5/1064 gb gold Att and cricket Only iPhone ,3,Local pickup (14 miles away),No shipping INFO!,14.0,,,"San Diego, CA",San Diego, CA,8 hours 
202,783644302,Lumee iPhone 7/8 plus,25,Used (normal wear),"EVERYTHING WORKS! Lights turn on, perfectly ",3,Local pickup (22 miles away),No shipping INFO!,22.0,,,"San Marcos, CA",San Marcos, CA,8 hours 
203,783632873,Iphone XR,999,Used (normal wear),Fresh out the box well taken care of has otter box case and tempered glass screen protector. Carrier is spectrum. But you can always unlock it to your choice. Charger and box included ,3,Local pickup (12 miles away),No shipping INFO!,12.0,,,"San Diego, CA",San Diego, CA,8 hours 
204,783621352,iPhone XS Max 64GB Unlocked T-Mobile,749,Used (normal wear),No description. Ask seller for more details,7,Local pickup (25 miles away),No shipping INFO!,25.0,,,"Chula Vista, CA",Chula Vista, CA,9 hours 
205,783611464,Like New iPhone 7 locked,200,Open box (never used),It‚Äôs locked/passcodeCarrier AT&T,2,Local pickup (18 miles away),No shipping INFO!,18.0,,,"San Diego, CA",San Diego, CA,9 hours 
206,783606088,Cables USB,10,New (never used),"New cables  USB from Apple store for any iPhone, check my profile for new items thanks $10 Dlls each Buy 5 and give to you 1 FREE3 cables x $25 dlls ",3,Local pickup (19 miles away),No shipping INFO!,19.0,,,"Spring Valley, CA",Spring Valley, CA,9 hours 
207,783601440,Case iPhone (New),5,New (never used),New case for iPhone 7 Plus/ 8 Plus ,2,Local pickup (20 miles away),No shipping INFO!,20.0,,,"Spring Valley, CA",Spring Valley, CA,9 hours 
208,783596661,Rokform Phone Case Apple iPhone XS/X,25,Used (normal wear),"Slightly used iPhone case. Rokform  ‚ÄúRugged‚Äù case... great for mounting on bikes, motorcycles etc. Please visit Rokform website for all accessories it‚Äôs compatible with.Retails for $40.",4,Local pickup (24 miles away),No shipping INFO!,24.0,,,"Chula Vista, CA",Chula Vista, CA,9 hours 
209,783575854,IPHONE 7,150,New (never used),Perfectly working iPhone $150 OBOwilling to trade for AirPods !,2,Local pickup (24 miles away),No shipping INFO!,24.0,,,"Vista, CA",Vista, CA,10 hours 
210,783546454,iPhone X 64GB,450,New (never used),Unlocked For Any Carrier ICloud Unlocked Just Has Minor Scratches And Front Screen Has Minor Cracks Works Perfect   ,2,Local pickup (12 miles away),No shipping INFO!,12.0,,,"San Diego, CA",San Diego, CA,12 hours 
211,724810348,iPhone 8 64gb,300,New (never used),Recently got the new iPhone this is an extra one I got. It‚Äôs never been used just trying to get rid of it I have no need for it.,3,Local pickup (19 miles away),No shipping INFO!,19.0,,,"El Cajon, CA",El Cajon, CA,3 months 
212,783881963,iPhone 8 plus silver 64 gb unlocked,449,Used (normal wear),"Mint Condition Works With any AT&T , Tmobile, Verizon, Cricket, Metro Network and Overseas.We have in stock, iPhone 6 - $150  | iPhone 7 - $249  | iPhone 7 Plus - $349iPhone 8 - $349  | iPhone 8 Plus - $449 Samsung S8 - $249 |   S8 Plus - $349Samsung S9 - $349 |   S9 Plus  - $399Samsung Note 8 - $349  |  Note 9 - $449 Comes with warranty Call us or stop by ¬†Our store address :Payless Wireless6074 EL Cajon Blvd¬†San Diego, CA - 92115",6,Local pickup (14 miles away),No shipping INFO!,14.0,,,"San Diego, CA",San Diego, CA,1 hour 
213,783877032,"NANAMI: Fast Wireless Charger, NANAMI Qi Certified Charger Wireless Charging Stand Compatible iPhone 11/11 Pro/11 Pro Max/XS/XS Max/XR/X/8/8 Plus,Sam",15,New (never used),No description. Ask seller for more details,6,Local pickup (10 miles away),No shipping INFO!,10.0,,,"San Diego, CA",San Diego, CA,2 hours 
214,783945172,I phone 7+,350,Used (normal wear),iPhone 7+  unlocked minor dent asking 350 lowest 300 hmu no trade,4,No delivery INFO!,"Ships from Fresno, CA for $7",,"Fresno, CA",7,"Fresno, CA",Fresno, CA,8 minutes 
215,783875528,IPhone 6s plus 32gb for T-Mobile network,220,Open box (never used),For sale IPhone 6s plus 32gb in mint condition! It is for T-Mobile,2,Local pickup (10 miles away),No shipping INFO!,10.0,,,"San Diego, CA",San Diego, CA,2 hours 
216,783872930,iPhone 7 Rose Gold 128GB Verizon Unlocked TMobile AT&T,255,Used (normal wear),"Model  A1660 Verizon GSM UnlockedNew condition, was barely used, no scratches anywhere, fully functional,  balance paid, clean IMEI, Works with Verizon and GSM carriers like T-Mobile, AT&T, Cricket, Simple Mobile, MetroPCS, Wireless GSM, H20, etc. and international GSM networks.Turned off find my phone and logged out from icloud.Latest iOS installed. Battery health  87%. Comes with charger, box, manual and protector.Cash or Paypal, no trades.",4,Local pickup (6 miles away),No shipping INFO!,6.0,,,"San Diego, CA",San Diego, CA,2 hours 
217,766591023,iPhone 7 White Screen Replacement,29,New (never used),"üì±iPhone 7 White Screen Replacement‚†Äüõ† For extra money, we can repair it.üõ† All parts have a 3-month warranty.‚†Äüì£ We have new items for sale, see our profile, thanks.üì£ Also, we have new: screen replacement, batteries, charging ports, cameras, speakers, and home buttons for all:üì± iPhoneüñ• iPad‚åöÔ∏è iWatchüíª MacBook‚†Äüè¢ Our Address:‚úÖ 7710 Balboa Ave # 223b, 2nd floor, San Diego, CA 92111‚†Äüïí Opening hours:‚úÖ Monday - 10 am to 5 pm‚úÖ Tuesday - 10 am to 5 pm‚úÖ Wednesday - 10 am to 5 pm‚úÖ Thursday - 10 am to 5 pm‚úÖ Friday - 10 am to 5 pm‚úÖ Saturday - We can come over to you (text/call us to set up an appointment).‚úÖ Sunday - We can come over to you (text/call us to set up an appointment).‚†Äüìû Text/call us if you have any questions.‚†Ä‚ùóÔ∏èAll prices and conditions are valid only at the address indicated in this announcement(please ask for Taras).‚ùóÔ∏è Price varies depending on the device model, and part needed.‚†ÄüòâRegards Taras",6,Local pickup (5 miles away),No shipping INFO!,5.0,,,"San Diego, CA",San Diego, CA,1 month 
218,783856570,"iPhone 7 PLUS 128gb Clean Unlocked AT&T, Cricket, , GSM",250,Used (normal wear),$250 cash firm 10/10 condition paid off att or cricket leave a phone number if you want to buy the phone!,2,Local pickup (11 miles away),No shipping INFO!,11.0,,,"San Diego, CA",San Diego, CA,2 hours 
219,783852761,Airpods,80,Used (normal wear),80 nothing wrong just misplaced the charger but any iPhone charger will work :) ,1,Local pickup (18 miles away),No shipping INFO!,18.0,,,"San Diego, CA",San Diego, CA,2 hours 
220,783848573,iPhone 6plus,130,Used (normal wear),iPhone 6 16gbUnlocked In good exterior condition But might need new digitizer Sometimes gets stuck But other that that good phone  Asking 130 ,3,Local pickup (20 miles away),No shipping INFO!,20.0,,,"Chula Vista, CA",Chula Vista, CA,2 hours 
221,783829298,IPhone XS 256 gb,888,Reconditioned/Certified,XS 256 GB IPHONE ,5,Local pickup (9 miles away),No shipping INFO!,9.0,,,"San Diego, CA",San Diego, CA,3 hours 
222,783826042,IPHONE 7,Sold!,Used (normal wear),unlocked iphone 7,3,Local pickup (25 miles away),No shipping INFO!,25.0,,,"Vista, CA",Vista, CA,3 hours 
223,783819224,iPhone 6 Gold 64GB Unlocked w/ Free Lumee Case!,180,Used (normal wear),Unlocked Gold iPhone 6 64GB can come with or without Lumee Light Cass. Was always used in case with screen protector ,2,Local pickup (16 miles away),No shipping INFO!,16.0,,,"La Mesa, CA",La Mesa, CA,3 hours 
224,783818086,"iPhone SE, Rose Gold 32GB",130,New (never used),No description. Ask seller for more details,3,Local pickup (18 miles away),No shipping INFO!,18.0,,,"San Diego, CA",San Diego, CA,3 hours 
225,783947726,New iphone 6S grey in color,175,New (never used),Brand new iphone 6S just recieved from Apple,3,No delivery INFO!,"Ships from Littlefield, TX for $7",,"Littlefield, TX",7,"Littlefield, TX",Littlefield, TX,3 minutes 
226,783812813,iPhone 6s,200,New (never used),Perfect condition ! ,2,Local pickup (20 miles away),No shipping INFO!,20.0,,,"El Cajon, CA",El Cajon, CA,3 hours 
227,783810772,iPhone 6 16 gb unlocked silver - excellent condition,150,Used (normal wear),"Mint Condition Works With any AT&T , Tmobile, Verizon, Cricket, Metro Network and Overseas.Comes with warranty Call us or stop by ¬†Our store address :Payless Wireless6074 EL Cajon Blvd¬†San Diego, CA - 92115",9,Local pickup (14 miles away),No shipping INFO!,14.0,,,"San Diego, CA",San Diego, CA,4 hours 
228,783801342,Apple Combo/Brand New Original Apple IPhone Charger and Car Charger,25,New (never used),No description. Ask seller for more details,3,Local pickup (16 miles away),No shipping INFO!,16.0,,,"National City, CA",National City, CA,4 hours 
229,783797953,3 Brand New Original Apple IPhone Chargers,30,New (never used),No description. Ask seller for more details,1,Local pickup (16 miles away),No shipping INFO!,16.0,,,"National City, CA",National City, CA,4 hours 
230,783795509,IPhone XS MAX/ NOTE9/ S9plus clear case protective covers lot,100,Other (see description),IPhone XS MAX/ NOTE9/ S9plus clear case protective covers Slim fit Shock absorption Crystal clear Box of 340 items estimate Cases for;iPhone XS Max Note 9Samsung 9 plus Take all $100 firm Tome todas,6,Local pickup (18 miles away),No shipping INFO!,18.0,,,"San Diego, CA",San Diego, CA,4 hours 
231,783791191,3 (1m) Apple IPhone Lightning Usb Cables,15,New (never used),No description. Ask seller for more details,1,Local pickup (15 miles away),No shipping INFO!,15.0,,,"San Diego, CA",San Diego, CA,4 hours 
232,783789206,iPhone X,350,Used (normal wear),Back is cracked but DOES NOT effect the phone. Unlocked carrier 64 gigsWilling to trade to X or newer plus cash,3,Local pickup (18 miles away),No shipping INFO!,18.0,,,"Spring Valley, CA",Spring Valley, CA,4 hours 
233,783781988,Apple iPhone XS Max,800,Used (normal wear),"iPhone XS Max Space Gray color (UNLOCKED). Used less than a year.  Battery in Great condition.  Not drop, no scratches, dents or cracks.  No power adapter or charge cable just the phone. I have the original box and comes with a good condition case.  NO PAY PAL, SHIPPING AND LOCAL PICK UP ONLY.  ",5,Local pickup (22 miles away),No shipping INFO!,22.0,,,"Escondido, CA",Escondido, CA,4 hours 
234,783777411,iPhone 7 Gold,260,Used (normal wear),‚Ä¢ 256 GB‚Ä¢ Gold‚Ä¢ Factory unlocked ( can be used with ANY company ),4,Local pickup (25 miles away),No shipping INFO!,25.0,,,"San Diego, CA",San Diego, CA,4 hours 
235,783767826,iPhone 6 64GB,Sold!,Used (normal wear),Unlocked ,3,Local pickup (24 miles away),No shipping INFO!,24.0,,,"Oceanside, CA",Oceanside, CA,5 hours 
236,783766905,iPhone 6,140,Used (normal wear),"üíµ Price is Firm üíµüì±Unlocked for all carriers: Works on AT&T, CricKet, T-Mobile, Metro PCS, Simple Mobile, Telcel, Verizon, Sprint overseas etc. iPhone 6 - 16GB - Space Gray ColorHas wear on frame etc, no cracks. Works well‚úÖClean IMEI‚ôªÔ∏èReset Back to Factory SettingsüìûBring your SIM card and make a test call!üíµ Price is Firm üíµI can also give you a credit towards iPhones, iPads, MacBooks and Apple Watch. Tell me what you have and how much u want for it towards the trade. Tell me Model, Carrier, Condition and GB",3,Local pickup (10 miles away),No shipping INFO!,10.0,,,"San Diego, CA",San Diego, CA,5 hours 
237,783945172,I phone 7+,350,Used (normal wear),iPhone 7+  unlocked minor dent asking 350 lowest 300 hmu no trade,4,No delivery INFO!,"Ships from Fresno, CA for $7",,"Fresno, CA",7,"Fresno, CA",Fresno, CA,8 minutes 
238,783762519,"Firm Price! Brand New in a Box Case for iPhone 6/6s, Located in North Park for Pick Up or Shipping Only!",10,New (never used),"Brand new case, never been used. For pick up or shipping only. Price is firm.",3,Local pickup (13 miles away),Ships for $3,13.0,,3,"San Diego, CA",San Diego, CA,5 hours 
239,783757529,iPhone X 256g brand new unlocked Verizon,700,New (never used),Brand new 256 g iPhone X  More details please feel free to ask me a question or make an offer ,3,Local pickup (21 miles away),No shipping INFO!,21.0,,,"Imperial Beach, CA",Imperial Beach, CA,5 hours 
240,783946377,Three iPhone Chargers & Three Wall Adapters,25,New (never used),"Pickup only or can ship.3 cables and 3 adapters. Brand new.3.3ft in Length Cables- Lightning USB iPhone ChargerCompatible with: (iPhone 5, 5S, 6, 6S PLUS, 7, 8)-Premium Quality-iOS 9/10 Compatibility- Thicker cable than most generic chargers allowing for better durability and long lasting life of the charger.These come without a retail box. All are new and of great quality!",1,No delivery INFO!,"Ships from Las Vegas, NV for $3",,"Las Vegas, NV",3,"Las Vegas, NV",Las Vegas, NV,6 minutes 
241,783745955,iPhone 7 UNLOCKED,Sold!,New (never used),Unlocked for any carrierHmu for more detailsEverything works fine just small crack on lower left corner doesn‚Äôt affect screen,2,Local pickup (11 miles away),No shipping INFO!,11.0,,,"San Diego, CA",San Diego, CA,5 hours 
242,783737404,Smart watch for iPhone and Android phones,40,New (never used),No description. Ask seller for more details,1,Local pickup (24 miles away),No shipping INFO!,24.0,,,"El Cajon, CA",El Cajon, CA,6 hours 
243,783726304,iPhone X,200,Used (normal wear),Unlocked has scratches in screen and cracked from the back give me an offer  64 gb ,2,Local pickup (19 miles away),No shipping INFO!,19.0,,,"Spring Valley, CA",Spring Valley, CA,6 hours 
244,746312102,IPhone X box IPhone XS box with documents from store.,19,New (never used),No phones just the boxes.  ,8,Local pickup (10 miles away),No shipping INFO!,10.0,,,"San Diego, CA",San Diego, CA,6 hours 
245,783713238,iPhone XR 128 GB - NEW,500,Open box (never used),"iPhone XR Color: CoralMemory: 128GB Condition: 10/10Carrier: AT&T and Cricket Wireless My mother used the phone for a few weeks. The phone was always protected with a case and screen protector. All accessories are included, the headphones have never been used. I have reset the phone and it is ready to be set as a new phone. I will also throw in 4 cases.If you have any further questions feel free to ask. Hablo Espa√±ol ",9,Local pickup (12 miles away),Ships for $3,12.0,,3,"San Diego, CA",San Diego, CA,6 hours 
246,783707403,iPhone 6s,130,Used (normal wear),It‚Äôs rose gold and In great condition. It‚Äôs for sprint  carrier and unlocked ,5,Local pickup (25 miles away),No shipping INFO!,25.0,,,"El Cajon, CA",El Cajon, CA,6 hours 
247,783947726,New iphone 6S grey in color,175,New (never used),Brand new iphone 6S just recieved from Apple,3,No delivery INFO!,"Ships from Littlefield, TX for $7",,"Littlefield, TX",7,"Littlefield, TX",Littlefield, TX,3 minutes 
248,783700088,Bodyguardz iPhone 6 6s,25,New (never used),No description. Ask seller for more details,3,Local pickup (14 miles away),No shipping INFO!,14.0,,,"San Diego, CA",San Diego, CA,6 hours 
249,783697131,"IPHONE 6 S PLUS (64G) FACTORY UNLOCKED AT&T, T-MOBILE, METRO PCS, CRICKET",250,Used (normal wear),"IPHONE 6 S PLUS (64G) FACTORY UNLOCKED AT&T, T-MOBILE, METRO PCS, CRICKETIphone 6s plus, works with AT&T but unlocked so you can use it on any carrier. No cracks or scratches. It has 64 gb and ready for you to use. Comes with case & screen protector.Fingerprint works perfect, changed battery at Apple in December of 2018 under the promotion they had for $39 which expired last year.Can use on ATT, T-mobile, Metro, Cricket etc..Only Selling coz i just upgraded to a new phone. Works great.. Price $250 or best offer.. Serious inquiries only please! Thank youAtt, tmobile, cricket, metro, i phone 6s+ 6s plus + at& t metropcs tmobile t mobile t-mobile ",4,Local pickup (15 miles away),No shipping INFO!,15.0,,,"San Diego, CA",San Diego, CA,7 hours 
250,783689825,iPhone X case bundle,10,Used (normal wear),Some of the cases been used some are new. Selling as a bundle. ,5,Local pickup (7 miles away),Ships for $3,7.0,,3,"San Diego, CA",San Diego, CA,7 hours 
251,783685126,"iPhone XR Leather Wallet Case, w/a Small Mirror",50,Used (normal wear),No description. Ask seller for more details,5,Local pickup (24 miles away),No shipping INFO!,24.0,,,"Oceanside, CA",Oceanside, CA,7 hours 
252,783682855,iPhone 8 Plus,350,Used (normal wear),I phone 8 plus. Everything works great. Small crack bottom left screen.,1,Local pickup (23 miles away),No shipping INFO!,23.0,,,"San Marcos, CA",San Marcos, CA,7 hours 
253,783653020,iPhone 8+ 64GB T-Mobile,450,Used (normal wear),iPhone 8 PLUS 64GB T-Mobile Like NEW ALWAYS HAS BEEN IN CASE  With  Charger and Cases * LIFEPROOF CASE * WHITE / GOLD MARBLE CASE * BLACK / SILVER CARD HOLDER CASE * CLEAR WITH GLITTER CASE JUST UPGRADED TO IPHONE 11 PRO SO NEED TO SALE THIS ONE !!!ALL FOR $450.00 OR BEST OFFER ,7,Local pickup (23 miles away),No shipping INFO!,23.0,,,"Chula Vista, CA",Chula Vista, CA,7 hours 
254,783672641,iPhone 6 Plus Gold 64GB unlocked,175,Used (normal wear),"iPhone 6 Plus Gold 64GBItem is in great condition, very light, if any, scratches on the body. Screen is intact with no visible scratching. GSM Unlocked.  Case included. $175",6,Local pickup (11 miles away),No shipping INFO!,11.0,,,"San Diego, CA",San Diego, CA,7 hours 
255,783667291,iPhone XS Max 64 GB - at&t,800,Open box (never used),Check it out! Phone has not been paid off yet but it‚Äôs only $550 to pay off and we can meet in store to do that then it‚Äôs yours. Asking $800 for the whole thing as once it‚Äôs paid off it can be unlocked to any carrier. Comes with original box and phone. Let me know if you have any questions ,3,Local pickup (13 miles away),No shipping INFO!,13.0,,,"San Diego, CA",San Diego, CA,7 hours 
256,783661590,Apple//iPhone//11Pro///MAX//512GB,Sold!,Used (normal wear),"Hi , I'm trying to help my aunt to sell her [email¬†protected]$400. In perfect condition, contact her [email¬†protected]{contact info removed}",1,Local pickup (22 miles away),No shipping INFO!,22.0,,,"Chula Vista, CA",Chula Vista, CA,8 hours 
257,783656603,AT&T iPhone 7,125,Used (normal wear),Works perfectly fine. There‚Äôs a crack in the front screen. Iphone is priced to sell. 32gb at&t Iphone. $125 ,3,Local pickup (13 miles away),No shipping INFO!,13.0,,,"San Diego, CA",San Diego, CA,8 hours 
258,783655109,Galaxy A10e MetroPCS,80,Used (normal wear),2 weeks old great condition. Wife surprised me with iPhone with tmobile so no longer need this one. Will come with free service till 5th December  or switch to your account or name.,1,Local pickup (21 miles away),Ships for $3,21.0,,3,"Chula Vista, CA",Chula Vista, CA,8 hours 
259,783647394,iphone 7+,Sold!,Open box (never used),cracked 32 gb sprint & verizon ,2,Local pickup (26 miles away),No shipping INFO!,26.0,,,"San Diego, CA",San Diego, CA,8 hours 
260,783633505,"Invisible shield, iPhone max",25,New (never used),New ,2,Local pickup (22 miles away),No shipping INFO!,22.0,,,"Chula Vista, CA",Chula Vista, CA,8 hours 
261,783631779,iPhone 7 Plus,325,Used (normal wear),T-Mobile perfect conditions ,3,Local pickup (23 miles away),No shipping INFO!,23.0,,,"Oceanside, CA",Oceanside, CA,8 hours 
262,783616646,IPHONE 7 256Gb Blk Factory Unlocked,280,Used (normal wear),"Good Battery Life and Clean IMEI, not reported stolen. We offer warranty on all of our phones.All of our phones are used but in great Shape! Factory unlocked which means you can put any Sim Card  with service and it will work.Comes with:House Charger Buy with confidence ",4,Local pickup (17 miles away),No shipping INFO!,17.0,,,"National City, CA",National City, CA,9 hours 
263,783581797,iPhone 8 perfect condition,220,Reconditioned/Certified,iPhone 8. Like new. Certified reconditioned. No scratches and works perfectly ,2,Local pickup (12 miles away),No shipping INFO!,12.0,,,"San Diego, CA",San Diego, CA,9 hours 
264,783602542,Case iPhone,16,New (never used),New case with good design and color for iPhone 7 Plus & 8 Plus includes : Cover case Stand holder  Strap ,4,Local pickup (18 miles away),No shipping INFO!,18.0,,,"Spring Valley, CA",Spring Valley, CA,9 hours 
265,783598728,Case iPhone,10,New (never used),New case elegant black with gold fir iPhone XS Max thanks for watching ,2,Local pickup (20 miles away),No shipping INFO!,20.0,,,"Spring Valley, CA",Spring Valley, CA,9 hours 
266,783580154,iPhone XS Max (box only),5,Used (normal wear),iPhone XS Max (box only),3,Local pickup (21 miles away),No shipping INFO!,21.0,,,"San Diego, CA",San Diego, CA,10 hours 
267,783564565,Wireless charger,16,New (never used),For iphone and Samsung ,2,Local pickup (23 miles away),No shipping INFO!,23.0,,,"Chula Vista, CA",Chula Vista, CA,11 hours 
268,783527560,iPhone 7 32GB (UNLOCKED)T-Mobile MetroPCs üá≤üáΩ MEXICO CHIP AT&T Verizon Cricket sprint,250,Used (normal wear),iPhone :   iPhone (7)Storage :  32Gb Carrier : (Unlocked)AllColor :     SilveriCloud : Unlocked  ESn : CleanPhone is in good condition fully functional speakers cameras buttons no issues at all no cracks at all on the  LCD . 32 gb asking 250$I also have Matte- black üåπ Gold/Jet-Black Gold ask .serious buyers please as we sell daily on here .. come with chargers,9,Local pickup (20 miles away),No shipping INFO!,20.0,,,"Chula Vista, CA",Chula Vista, CA,14 hours 
